cijena,kvadratura,broj_soba,sprat,namjesten,vrsta_grijanja,kvadratura_balkona,blindirana_vrata,internet,kablovska_tv,klima,lift,novogradnja,tel_prikljucak,uknjizeno_zk,plin,podrum_tavan,video_nadzor,ostava_spajz,alarm,nedavno_adaptiran,udaljenost_od_centra
295000.0,70.0,4.0,16.0,0.0,5.0,16.0,0,1,1,1,0,0,0,1,1,1,0,0,0,1,3813.9
489762.0,116.0,4.0,17.0,0.0,2.0,6.0,1,1,1,1,1,1,1,1,0,1,0,1,0,0,6415.6
227700.0,69.0,3.0,1.0,0.0,5.0,9.0,1,1,1,0,1,0,1,1,1,0,0,0,0,0,9655.4
610000.0,134.0,3.0,12.0,0.0,2.0,0.0,1,1,1,1,1,1,1,1,1,1,1,1,1,1,9140.5
397000.0,85.0,3.0,1.0,0.0,2.0,8.0,1,1,1,0,1,0,1,1,0,0,0,1,0,1,4315.0
248000.0,64.0,2.0,15.0,0.0,6.0,0.0,1,1,1,0,0,0,1,1,1,1,0,0,0,1,2517.0
169000.0,45.0,2.0,14.0,0.0,2.0,0.0,0,1,1,0,0,0,1,1,0,0,0,0,0,0,12385.6
675000.0,64.0,4.0,1.0,0.0,0.0,3.0,1,1,1,1,1,1,1,1,1,0,1,0,1,1,16396.4
115000.0,34.0,0.0,1.0,0.0,0.0,0.0,1,1,1,0,1,1,1,1,0,0,0,0,0,0,9733.5
313000.0,60.0,3.0,1.0,0.0,1.0,0.0,1,1,1,1,1,1,1,1,1,0,0,0,0,1,1995.7
172000.0,52.0,2.0,16.0,0.0,1.0,0.0,1,1,1,1,1,0,1,1,1,0,0,0,0,0,11394.5
155000.0,35.5,1.0,1.0,0.0,2.0,0.0,1,1,1,0,0,0,1,1,0,0,1,0,1,0,9707.6
235000.0,70.0,3.0,15.0,0.0,1.0,14.0,1,1,1,1,0,0,1,1,1,1,1,0,1,1,3751.6
225000.0,57.0,2.0,1.0,0.0,5.0,0.0,0,0,0,0,0,0,0,0,0,0,0,0,0,0,3499.3
351990.0,90.0,4.0,12.0,0.0,1.0,6.0,1,1,1,0,0,0,1,1,1,0,1,1,0,1,5927.1
348000.0,68.0,3.0,15.0,0.0,2.0,3.0,1,1,1,1,1,0,1,1,0,0,0,0,0,1,5582.0
165000.0,59.0,2.0,5.0,0.0,2.0,0.0,1,1,1,0,1,0,1,1,0,1,0,0,0,0,7316.8
215000.0,51.0,2.0,1.0,0.0,5.0,0.0,1,0,0,1,0,0,0,1,1,1,0,1,0,0,4129.3
125000.0,29.0,1.0,17.0,0.0,2.0,0.0,1,1,1,0,1,0,1,1,0,0,0,0,0,0,5469.3
285000.0,65.0,3.0,12.0,0.0,1.0,8.0,1,1,1,1,1,0,1,1,1,0,1,0,0,0,4923.8
265000.0,60.0,3.0,23.0,0.0,1.0,1.5,1,1,1,1,0,0,1,1,1,1,0,1,0,0,2802.9
385000.0,97.0,3.0,12.0,0.0,1.0,0.0,0,0,0,0,0,0,0,1,0,0,0,0,0,0,1973.8
225000.0,48.0,2.0,1.0,0.0,6.0,0.0,1,1,1,0,1,0,1,1,0,0,0,0,0,1,4392.9
170000.0,56.0,2.0,23.0,0.0,6.0,0.0,1,1,1,0,1,0,1,1,0,0,0,0,0,1,10211.8
252000.0,70.0,3.0,1.0,0.0,2.0,0.0,1,1,1,0,1,0,1,1,0,0,0,0,0,0,8085.7
115000.0,29.0,0.0,2.0,0.0,2.0,0.0,1,1,1,0,1,0,1,1,0,0,0,0,0,0,7316.8
170000.0,40.0,2.0,21.0,0.0,1.0,10.0,1,1,1,0,0,0,1,1,1,1,0,1,0,1,3703.1
245000.0,43.0,2.0,12.0,0.0,2.0,0.0,1,1,1,0,0,1,1,1,0,0,0,0,0,0,2647.4
249000.0,53.0,3.0,15.0,0.0,6.0,0.0,1,1,1,0,1,0,1,1,0,0,0,0,0,0,3850.8
175000.0,32.0,2.0,1.0,0.0,6.0,0.0,1,0,1,1,0,0,1,0,0,1,0,0,0,0,918.3
249000.0,72.0,4.0,20.0,0.0,2.0,0.0,1,1,1,0,1,0,0,0,0,0,0,0,0,0,3474.2
325000.0,103.0,5.0,16.0,0.0,5.0,20.0,1,1,1,1,1,1,1,1,1,1,0,1,0,0,10357.1
205000.0,72.0,3.0,19.0,0.0,2.0,4.0,1,1,1,0,1,0,1,1,0,1,0,1,0,0,8011.4
240000.0,49.0,2.0,1.0,0.0,5.0,0.0,1,1,1,1,0,0,1,1,1,0,1,0,1,0,3177.8
310000.0,73.1,3.0,18.0,0.0,2.0,0.0,0,0,0,0,1,0,0,0,0,0,0,0,0,0,3474.2
235000.0,69.0,2.0,15.0,0.0,1.0,16.0,1,1,1,1,0,0,1,1,1,0,1,0,0,1,5461.8
450000.0,75.0,3.0,18.0,0.0,0.0,2.0,1,1,1,1,1,1,1,1,0,0,0,1,0,0,7284.3
630000.0,203.0,5.0,18.0,0.0,5.0,0.0,1,1,1,0,1,0,1,1,0,0,0,1,0,0,10563.1
150000.0,54.0,2.0,16.0,0.0,4.0,0.0,0,0,0,0,0,0,0,0,0,0,0,0,0,0,11394.5
216000.0,72.0,3.0,12.0,0.0,2.0,0.0,1,1,1,0,1,0,1,1,0,0,0,0,0,1,8447.2
470000.0,103.0,5.0,1.0,0.0,5.0,0.0,1,0,0,1,0,1,0,1,0,0,0,1,0,0,10755.0
295000.0,60.0,3.0,16.0,0.0,2.0,0.0,1,1,1,1,1,1,1,1,0,0,1,1,0,0,7284.3
285000.0,92.0,4.0,12.0,0.0,5.0,5.0,1,1,1,0,0,0,0,1,1,1,0,1,0,1,11407.0
209000.0,46.0,2.0,14.0,0.0,4.0,10.0,1,0,0,1,1,1,1,1,1,1,0,0,0,0,12359.4
670000.0,51.0,2.0,23.0,0.0,6.0,0.0,0,0,0,0,0,0,0,1,0,0,0,0,0,0,1491.2
399000.0,101.0,3.0,16.0,0.0,2.0,0.0,1,1,1,1,1,1,1,1,0,0,1,1,1,0,12359.4
219000.0,70.0,3.0,1.0,0.0,2.0,5.0,1,0,1,0,0,0,1,1,0,1,0,0,0,1,8348.3
270000.0,77.0,3.0,1.0,0.0,5.0,5.0,1,1,1,1,1,0,1,1,1,0,0,0,0,1,7510.7
189000.0,55.0,2.0,19.0,0.0,2.0,0.0,0,0,0,0,0,0,0,0,0,0,0,0,0,0,9584.8
290000.0,72.0,3.0,3.0,0.0,2.0,0.0,1,1,1,1,1,0,1,1,0,1,0,1,0,1,3474.2
200000.0,46.0,2.0,12.0,0.0,1.0,0.0,1,1,1,1,1,1,1,1,1,1,0,1,0,0,9407.5
890000.0,109.0,4.0,1.0,0.0,1.0,0.0,1,1,1,1,0,0,0,1,1,0,1,1,1,1,1540.6
420000.0,100.0,4.0,14.0,0.0,2.0,5.0,1,1,1,1,1,0,1,1,0,1,1,1,0,1,3850.8
255000.0,52.0,2.0,12.0,0.0,6.0,0.0,1,1,1,0,0,0,1,1,1,1,0,0,0,1,2919.6
217000.0,47.0,2.0,9.0,0.0,2.0,0.0,0,1,1,1,1,0,0,1,0,0,0,0,0,0,4830.0
250000.0,61.0,3.0,1.0,0.0,6.0,0.0,0,0,0,0,1,0,0,1,0,0,0,1,0,1,29241.2
481400.0,83.0,3.0,16.0,0.0,4.0,0.0,1,1,1,1,1,0,1,1,0,0,0,0,0,0,12543.1
243600.0,42.0,2.0,17.0,0.0,4.0,0.0,1,1,1,1,1,0,0,1,0,0,0,0,0,0,14819.7
285200.0,62.0,3.0,15.0,0.0,4.0,0.0,1,1,1,1,1,0,0,1,0,0,0,0,0,0,11531.0
259000.0,51.0,3.0,1.0,0.0,0.0,4.0,1,1,1,1,1,0,1,1,0,0,0,1,0,0,6415.6
235000.0,52.0,2.0,14.0,0.0,1.0,0.0,1,1,1,1,0,0,1,1,1,0,0,0,0,0,5461.8
239500.0,51.0,3.0,14.0,0.0,2.0,0.0,1,1,1,1,1,1,1,1,0,0,0,0,0,0,7284.3
259000.0,63.0,3.0,17.0,0.0,6.0,0.0,1,1,1,0,1,0,1,1,1,0,0,1,0,0,3474.2
132000.0,41.0,2.0,6.0,0.0,2.0,0.0,1,1,1,0,1,0,1,1,0,0,0,0,0,1,7525.5
144998.0,41.0,1.5,21.0,0.0,2.0,0.0,1,1,1,0,0,0,1,1,0,0,0,0,0,1,5856.3
330000.0,66.0,3.0,15.0,0.0,1.0,0.0,1,1,1,0,0,0,1,1,1,0,0,0,0,1,862.0
249500.0,78.0,4.0,17.0,0.0,1.0,0.0,1,1,1,0,1,1,1,1,1,0,0,0,0,1,9733.5
119500.0,27.0,0.0,14.0,0.0,2.0,0.0,1,1,1,1,1,1,1,1,0,0,0,0,0,0,9132.0
369000.0,100.0,4.0,1.0,0.0,0.0,2.0,1,1,1,0,0,0,1,1,0,0,1,1,0,1,3103.5
180000.0,59.0,3.0,1.0,0.0,1.0,0.0,1,1,1,0,0,1,1,1,1,0,0,0,0,0,10594.8
322000.0,78.0,3.0,17.0,0.0,2.0,0.0,1,1,1,0,1,0,1,1,0,0,0,0,0,1,8348.3
227500.0,67.0,3.0,16.0,0.0,2.0,0.0,1,1,1,0,0,0,1,1,0,0,0,0,0,1,4830.0
440000.0,105.0,4.0,21.0,0.0,2.0,58.0,1,1,1,0,0,0,1,1,0,0,1,1,1,1,3791.1
280000.0,96.0,5.0,16.0,0.0,1.0,0.0,1,1,1,0,0,0,1,1,1,0,0,0,0,0,4392.9
325000.0,103.0,4.0,16.0,0.0,5.0,0.0,1,1,1,1,1,1,1,1,0,1,0,1,0,0,10357.1
250000.0,86.0,3.0,1.0,0.0,6.0,0.0,1,1,1,1,0,0,1,1,0,1,0,1,0,1,309.4
370000.0,90.0,3.0,1.0,0.0,6.0,0.0,0,0,0,0,0,0,0,1,0,0,0,0,0,0,11342.8
230000.0,70.0,2.0,15.0,0.0,1.0,14.0,1,1,1,0,0,0,0,1,1,1,0,1,0,0,3751.6
219000.0,40.0,2.0,15.0,0.0,1.0,0.0,1,1,1,0,0,0,1,1,1,0,0,1,0,0,2474.1
178900.0,49.0,2.0,12.0,0.0,2.0,0.0,0,0,0,0,0,0,0,0,0,0,0,0,0,0,9733.5
499000.0,112.0,4.0,3.0,0.0,2.0,31.0,1,1,1,1,1,1,1,1,0,0,1,0,0,1,7284.3
199000.0,55.0,2.0,23.0,0.0,2.0,3.0,1,1,1,0,1,0,0,1,0,1,0,0,0,0,9072.0
205000.0,58.0,2.0,14.0,0.0,5.0,4.52,1,1,1,0,1,0,1,0,1,1,0,0,0,1,6518.8
170000.0,34.0,1.5,1.0,0.0,5.0,0.0,1,0,1,0,0,0,1,1,1,0,1,0,1,1,1464.2
259150.0,71.0,3.0,23.0,0.0,1.0,0.0,0,1,1,0,0,0,1,1,1,0,0,0,0,0,1665.0
342000.0,57.0,2.0,15.0,0.0,1.0,0.0,1,1,1,1,0,0,1,1,1,0,0,0,0,1,1454.4
283000.0,69.0,3.0,1.0,0.0,2.0,0.0,1,1,1,1,1,1,1,1,0,0,1,0,1,1,14921.3
185000.0,89.0,3.0,1.0,0.0,1.0,0.0,1,1,1,0,0,0,1,1,1,0,0,0,0,1,11394.5
199000.0,77.0,3.0,18.0,0.0,2.0,2.0,0,1,1,0,1,0,1,1,0,0,0,0,0,0,7525.5
147000.0,42.0,1.0,16.0,0.0,1.0,0.0,1,0,1,0,0,0,1,1,1,0,0,0,0,1,2752.5
255000.0,94.0,3.0,12.0,0.0,1.0,0.0,1,1,1,1,0,0,1,1,1,1,0,1,0,0,11407.0
279000.0,81.0,3.0,1.0,0.0,1.0,0.0,0,1,1,0,0,0,0,1,0,0,0,0,0,0,2989.3
189000.0,61.0,2.0,14.0,0.0,1.0,0.0,0,0,0,0,0,0,0,0,0,0,0,0,0,0,580.7
230000.0,37.95,2.0,1.0,0.0,6.0,0.0,1,0,1,1,1,0,1,1,0,1,0,1,0,0,29241.2
256200.0,61.0,2.0,12.0,0.0,6.0,0.0,0,1,1,1,0,0,0,1,1,0,0,0,0,0,2802.9
420000.0,64.0,3.0,14.0,0.0,0.0,5.0,1,1,1,1,1,1,1,1,0,0,0,0,0,0,7284.3
370000.0,69.0,2.0,12.0,0.0,6.0,0.0,1,1,1,0,0,1,1,1,0,0,0,0,0,0,731.2
440000.0,84.0,4.0,21.0,0.0,2.0,0.0,1,1,1,0,1,0,1,1,0,0,1,1,1,0,3791.1
235000.0,52.0,2.0,14.0,0.0,1.0,16.0,1,0,1,1,0,0,0,1,1,0,0,0,1,0,5461.8
206000.0,56.0,2.0,15.0,0.0,4.0,5.0,1,0,1,1,1,1,1,1,0,0,0,0,0,0,11864.1
259000.0,77.0,3.0,17.0,0.0,1.0,3.0,1,0,1,1,1,0,1,1,1,1,1,0,0,0,9733.5
166000.0,42.0,1.0,23.0,0.0,1.0,0.0,1,1,1,1,1,0,1,1,1,0,0,0,0,0,10594.8
119500.0,27.0,0.0,14.0,0.0,0.0,2.0,1,1,1,1,1,0,1,1,0,0,1,0,0,0,9132.0
348000.0,84.0,3.0,15.0,0.0,2.0,2.0,1,1,1,0,0,0,1,1,0,0,0,0,0,0,2611.8
348000.0,91.0,3.0,12.0,0.0,1.0,7.0,1,1,1,1,0,0,1,1,1,1,0,0,0,0,3499.3
210000.0,68.0,3.0,21.0,0.0,4.0,0.0,1,1,1,1,0,0,1,0,0,0,0,0,0,0,2951.3
259000.0,65.0,3.0,16.0,0.0,6.0,0.0,0,1,1,0,0,0,1,1,1,1,0,0,0,0,2522.5
295000.0,68.0,3.0,1.0,0.0,1.0,0.0,0,0,0,0,0,0,0,1,0,0,0,0,0,0,1121.2
295000.0,61.0,3.0,16.0,0.0,6.0,0.0,1,0,0,1,1,0,0,0,0,0,0,1,0,0,3892.5
282000.0,87.0,4.0,14.0,0.0,1.0,0.0,1,0,1,1,0,0,1,1,1,0,0,0,0,1,1464.5
179998.0,82.0,3.0,16.0,0.0,6.0,4.0,1,1,1,0,0,0,1,1,0,1,1,1,0,1,11105.3
400000.0,100.0,3.0,12.0,0.0,5.0,0.0,0,1,1,0,0,0,1,1,1,0,0,1,0,1,1464.5
268000.0,106.0,3.0,16.0,0.0,5.0,0.0,1,1,1,1,0,0,1,1,1,0,0,1,0,0,4392.9
118000.0,27.0,0.0,14.0,0.0,0.0,2.0,1,1,1,1,1,1,0,1,0,0,0,0,0,1,9132.0
159000.0,60.0,2.0,15.0,0.0,5.0,5.0,1,1,1,1,0,0,1,1,1,1,0,1,0,1,12812.3
185000.0,47.0,1.5,14.0,0.0,5.0,5.0,0,1,1,0,0,0,0,1,1,1,0,1,0,0,9773.3
183000.0,89.0,3.0,23.0,0.0,5.0,0.0,1,1,1,0,0,0,1,1,1,1,0,1,0,0,10279.6
199000.0,58.0,2.0,1.0,0.0,1.0,4.0,1,1,1,1,1,0,0,1,0,0,0,0,0,0,10563.1
220000.0,96.0,3.0,14.0,0.0,5.0,0.0,1,1,1,0,0,0,0,1,0,1,0,0,0,1,10072.2
370000.0,55.0,2.0,21.0,0.0,5.0,0.0,1,1,1,0,0,0,1,1,1,0,0,0,1,1,2932.4
299000.0,71.0,2.0,1.0,0.0,5.0,4.0,1,1,1,1,1,0,1,1,1,0,1,0,1,1,3499.3
190000.0,52.0,2.0,16.0,0.0,6.0,5.0,0,1,1,1,0,0,1,1,0,0,0,0,0,1,3751.6
320000.0,80.0,4.0,17.0,0.0,2.0,5.0,1,1,1,0,1,0,1,1,0,0,0,1,0,1,8400.0
474500.0,73.0,3.0,15.0,0.0,5.0,5.0,1,1,1,1,1,1,1,1,1,0,1,0,1,0,2757.1
94000.0,42.0,2.0,21.0,0.0,6.0,0.0,1,1,1,0,0,0,1,1,0,0,1,1,0,1,3729.4
199000.0,56.0,2.0,14.0,0.0,5.0,5.0,1,1,1,0,1,1,1,1,1,0,0,0,0,0,10563.1
260000.0,87.0,3.0,1.0,0.0,1.0,8.0,1,1,1,1,0,0,1,1,1,1,0,1,0,1,1739.6
350000.0,74.0,3.0,2.0,0.0,0.0,5.0,1,1,1,1,1,1,1,0,0,0,0,0,0,0,7284.3
318000.0,59.0,3.0,14.0,0.0,5.0,0.0,1,1,1,1,0,0,1,1,1,0,0,1,0,1,2049.3
110000.0,38.0,2.0,21.0,0.0,5.0,0.0,1,1,1,0,0,0,1,1,0,0,0,0,0,0,1347.1
105000.0,29.0,0.0,1.0,0.0,2.0,0.0,0,1,1,0,0,0,0,1,0,0,0,0,0,0,7030.6
188000.0,58.0,2.0,12.0,0.0,6.0,4.0,0,0,0,0,0,0,1,1,0,0,0,0,0,1,3772.1
295000.0,87.0,3.0,1.0,0.0,1.0,4.0,0,0,0,0,0,0,0,1,1,1,0,0,0,1,2988.1
235000.0,51.4,2.0,18.0,0.0,0.0,3.0,1,1,1,1,1,1,1,1,0,0,0,0,0,0,7284.3
285000.0,68.0,3.0,23.0,0.0,1.0,0.0,1,1,1,1,0,0,1,0,0,0,0,0,1,1,1764.9
189000.0,36.0,2.0,2.0,0.0,0.0,4.0,0,0,0,0,0,0,0,0,0,0,0,0,0,0,6328.8
198000.0,47.0,2.0,16.0,0.0,5.0,0.0,1,1,1,1,1,0,1,1,1,0,0,1,0,0,9388.9
149900.0,49.0,2.0,21.0,0.0,1.0,0.0,1,1,1,1,0,0,1,1,1,0,0,1,0,1,9982.2
348000.0,58.0,3.0,12.0,0.0,2.0,6.0,1,0,0,0,0,0,0,1,0,0,0,1,0,0,2997.2
145000.0,31.0,1.5,12.0,0.0,2.0,5.0,1,1,1,1,0,0,1,1,0,1,0,0,0,0,5865.6
277000.0,72.0,3.0,14.0,0.0,1.0,10.0,1,1,1,0,0,0,1,1,1,0,0,0,0,0,2989.3
200000.0,57.0,3.0,20.0,0.0,2.0,0.0,1,1,1,1,1,0,1,1,0,0,0,1,0,0,7060.0
209000.0,38.0,2.0,14.0,0.0,2.0,0.0,1,1,1,1,1,1,1,1,0,0,1,0,1,1,6946.8
250000.0,55.0,2.0,5.0,0.0,2.0,0.0,1,1,1,1,1,0,1,1,0,0,0,0,0,1,5582.0
136000.0,34.0,2.0,23.0,0.0,2.0,0.0,1,1,1,0,1,1,0,1,0,0,1,0,1,0,10594.8
335000.0,63.0,3.0,12.0,0.0,1.0,0.0,1,1,1,0,1,1,1,1,1,0,0,0,0,0,4923.8
165000.0,49.0,2.0,18.0,0.0,4.0,0.0,1,1,1,0,1,1,1,1,0,0,0,0,0,0,9478.7
258000.0,77.0,3.0,17.0,0.0,1.0,0.0,1,1,1,1,1,1,1,1,1,1,0,0,0,0,9733.5
440000.0,83.0,3.0,13.0,0.0,2.0,0.0,1,1,1,0,1,1,1,1,0,0,0,0,0,0,4542.2
380000.0,83.0,3.0,14.0,0.0,2.0,0.0,1,1,1,1,1,0,1,1,0,1,0,0,1,0,4340.9
300000.0,80.0,3.0,5.0,0.0,2.0,0.0,1,1,1,0,1,0,1,1,0,1,0,0,0,0,4392.9
288500.0,78.0,3.0,17.0,0.0,1.0,0.0,1,1,1,1,1,1,1,1,1,0,1,0,1,0,10563.1
207000.0,65.0,2.0,16.0,0.0,1.0,0.0,1,1,1,1,1,1,1,1,1,0,1,0,0,1,10072.2
430000.0,103.0,3.0,15.0,0.0,0.0,0.0,1,1,1,1,1,1,1,1,0,0,0,1,1,0,13455.3
371500.0,79.0,3.0,12.0,0.0,1.0,0.0,1,1,1,1,0,0,1,1,0,0,0,0,0,0,1225.5
350000.0,65.0,2.0,12.0,0.0,5.0,0.0,1,1,1,1,0,0,1,1,1,0,0,0,0,1,1212.3
153000.0,58.0,2.0,14.0,0.0,5.0,0.0,0,1,1,0,0,0,1,1,1,1,0,0,0,0,10072.2
103000.0,28.0,0.0,2.0,0.0,0.0,4.0,1,1,1,1,1,0,0,1,0,0,0,0,0,0,9707.8
260000.0,99.0,4.0,14.0,0.0,5.0,5.0,1,1,1,1,1,0,1,1,1,0,0,0,0,0,10487.4
265000.0,69.45,4.0,14.0,0.0,1.0,0.0,1,1,1,0,1,0,1,1,0,0,0,1,0,0,9733.5
332000.0,83.0,4.0,15.0,0.0,5.0,0.0,1,1,1,0,0,0,1,1,1,0,0,0,0,1,1467.1
329000.0,95.0,4.0,14.0,0.0,1.0,0.0,1,1,1,0,0,0,1,1,0,0,0,1,0,0,1464.2
175000.0,52.0,2.0,1.0,0.0,5.0,4.0,1,1,1,0,0,1,1,1,1,1,1,0,1,1,9707.6
265000.0,69.0,3.0,21.0,0.0,1.0,0.0,0,1,1,0,0,0,1,1,1,0,0,1,0,1,3383.1
310000.0,80.0,3.0,5.0,0.0,2.0,4.0,1,1,0,0,1,0,1,1,0,1,0,0,0,1,4392.9
234000.0,93.0,3.0,23.0,0.0,2.0,0.0,0,1,1,0,0,0,1,1,0,1,0,1,0,0,12074.9
265000.0,51.0,2.0,1.0,0.0,5.0,5.0,1,1,1,1,0,0,1,1,1,1,0,1,0,1,3428.3
433000.0,89.0,3.0,1.0,0.0,5.0,0.0,0,1,1,1,0,0,1,1,1,0,0,1,0,1,111.0
350000.0,107.0,3.0,14.0,0.0,2.0,20.0,1,1,1,1,1,1,1,1,0,0,1,0,1,0,12359.4
225000.0,48.0,3.0,1.0,0.0,1.0,0.0,1,0,1,1,0,0,0,1,1,0,0,1,0,1,603.4
200000.0,77.0,3.0,12.0,0.0,1.0,4.0,1,1,1,0,0,0,1,1,1,1,0,0,0,1,12359.4
265000.0,55.0,2.0,1.0,0.0,5.0,3.0,1,1,1,1,0,0,1,1,1,1,0,1,0,0,3428.3
209000.0,53.0,2.0,12.0,0.0,4.0,0.0,1,1,1,0,0,0,0,0,1,0,0,0,0,0,4392.9
149000.0,49.0,2.0,23.0,0.0,1.0,0.0,0,0,0,0,0,0,0,0,0,0,0,0,0,0,1881.1
250000.0,77.0,3.0,14.0,0.0,2.0,4.0,1,1,1,1,1,0,1,1,1,0,0,0,0,0,6326.9
94000.0,27.0,0.0,21.0,0.0,6.0,0.0,1,0,0,0,0,0,1,1,0,1,0,1,0,0,1959.1
375000.0,96.0,4.0,23.0,0.0,1.0,0.0,1,1,1,1,0,1,1,1,1,1,0,0,0,0,5119.2
420000.0,75.0,3.0,12.0,0.0,2.0,0.0,1,1,1,1,1,0,1,1,0,1,0,0,0,1,3791.1
270000.0,52.0,2.0,1.0,0.0,5.0,0.0,1,1,1,0,0,0,1,1,1,0,0,1,1,1,1139.8
415000.0,67.0,3.0,1.0,0.0,6.0,0.0,1,1,1,1,0,1,0,1,1,0,0,0,1,1,2340.1
275000.0,87.0,4.0,14.0,0.0,1.0,0.0,1,1,1,1,1,1,1,1,1,0,0,0,0,1,1464.5
160000.0,52.0,3.0,1.0,0.0,6.0,7.0,1,1,1,0,0,0,1,1,0,1,0,0,0,1,4483.5
242000.0,44.0,3.0,12.0,0.0,1.0,40.0,0,1,1,1,0,0,1,1,0,0,0,0,0,0,3315.3
750000.0,136.0,4.0,14.0,0.0,1.0,4.0,1,1,1,0,0,0,1,1,1,1,0,0,0,0,1467.1
240000.0,61.0,2.0,21.0,0.0,1.0,0.0,1,1,1,0,0,0,1,1,0,1,0,0,1,1,4670.2
380000.0,77.0,3.0,16.0,0.0,1.0,0.0,1,1,1,1,0,0,1,1,1,0,0,1,0,1,2752.5
225000.0,55.0,2.0,16.0,0.0,2.0,5.0,1,1,1,1,1,0,1,1,0,1,1,1,0,1,4641.4
215000.0,58.0,2.0,15.0,0.0,2.0,5.0,1,1,1,1,1,1,0,1,0,0,1,0,0,1,11531.0
295000.0,71.0,3.0,23.0,0.0,1.0,8.0,1,1,1,1,0,0,1,1,1,1,1,0,1,0,3499.3
350000.0,75.0,4.0,16.0,0.0,2.0,0.0,1,1,1,1,1,1,1,1,0,0,0,0,0,1,6415.6
177000.0,55.0,2.0,15.0,0.0,2.0,5.0,1,1,1,1,0,0,1,1,1,1,0,0,0,1,9478.7
275000.0,71.0,3.0,12.0,0.0,2.0,3.0,1,1,1,1,0,0,1,1,1,1,0,1,0,1,3839.4
128000.0,34.0,0.0,15.0,0.0,2.0,0.0,1,1,1,0,1,0,1,0,0,0,0,1,0,0,8515.7
275000.0,44.0,4.0,12.0,0.0,1.0,0.0,1,1,1,1,0,0,1,1,1,1,0,1,0,1,3315.3
240000.0,77.0,3.0,14.0,0.0,2.0,3.0,1,1,0,1,1,0,0,1,0,0,0,0,0,0,6326.9
695000.0,200.0,5.0,12.0,0.0,1.0,0.0,0,1,1,1,0,0,0,1,1,1,0,1,0,0,265.1
200000.0,72.0,3.0,1.0,0.0,0.0,0.0,1,1,1,0,1,1,1,1,0,0,0,0,0,0,9588.6
259000.0,62.0,3.0,17.0,0.0,6.0,0.0,1,1,1,0,1,0,1,1,0,0,0,0,0,0,3474.2
200000.0,74.0,3.0,21.0,0.0,5.0,0.0,0,1,0,0,0,0,0,1,1,1,0,0,0,0,5237.6
190000.0,37.0,1.0,21.0,0.0,2.0,0.0,1,1,1,1,0,0,1,1,0,0,0,0,1,1,3249.1
195000.0,70.0,3.0,12.0,0.0,1.0,0.0,0,1,1,0,0,0,1,1,1,1,0,0,0,0,9892.4
320000.0,64.0,3.0,15.0,0.0,1.0,4.0,1,1,1,0,0,0,1,1,1,0,0,0,0,0,1534.9
225000.0,59.0,2.0,16.0,0.0,1.0,0.0,1,1,1,1,1,0,1,1,1,1,0,1,0,0,10072.2
259150.0,71.0,3.0,21.0,0.0,1.0,0.0,0,1,1,1,0,0,1,0,1,0,0,0,0,0,1665.0
170000.0,52.0,2.0,12.0,0.0,6.0,4.5,1,1,1,0,0,0,1,1,0,1,0,1,0,0,11394.5
564000.0,94.0,3.0,14.0,0.0,5.0,0.0,1,1,1,0,0,0,1,1,0,0,0,0,0,1,1465.2
155000.0,58.0,3.0,23.0,0.0,2.0,0.0,0,0,0,0,0,0,1,1,0,0,0,0,0,0,7896.5
240000.0,100.0,3.0,14.0,0.0,1.0,4.0,1,1,1,1,0,0,1,1,1,0,0,1,1,1,10487.4
250000.0,75.0,3.0,12.0,0.0,5.0,5.0,1,1,1,0,0,0,1,1,1,0,0,1,0,0,4340.9
222000.0,52.0,2.0,14.0,0.0,2.0,3.0,1,1,1,0,0,0,1,1,1,1,0,1,0,0,5865.6
195000.0,60.0,3.0,14.0,0.0,5.0,0.0,0,1,1,0,1,0,0,0,1,0,0,0,0,0,10594.8
235000.0,78.0,3.0,20.0,0.0,2.0,0.0,1,1,1,0,1,0,1,1,0,0,0,1,0,1,8447.2
220000.0,56.0,2.0,23.0,0.0,6.0,0.0,1,1,1,0,0,0,1,1,1,1,0,0,0,1,4349.9
220000.0,76.0,4.0,13.0,0.0,2.0,0.0,1,0,0,0,1,0,1,1,0,0,0,0,0,1,4556.0
209000.0,53.0,2.0,14.0,0.0,5.0,0.0,0,0,1,1,0,0,1,1,0,0,0,1,0,0,4392.9
118000.0,30.0,0.0,18.0,0.0,2.0,0.0,1,1,1,1,1,0,1,1,0,0,0,0,0,0,8348.3
240000.0,77.0,3.0,17.0,0.0,1.0,0.0,1,1,1,1,1,0,1,1,1,1,0,0,0,0,9733.5
139500.0,52.0,2.0,2.0,0.0,2.0,6.0,1,1,1,1,1,0,1,0,0,1,0,0,1,1,8632.6
265000.0,70.0,3.0,21.0,0.0,5.0,0.0,0,1,1,0,0,0,1,1,1,0,0,0,0,1,3383.1
248000.0,48.5,2.0,19.0,0.0,2.0,6.08,1,1,1,1,1,1,1,1,0,0,1,0,0,0,6415.6
190000.0,78.0,3.0,1.0,0.0,2.0,0.0,1,1,1,0,0,0,1,0,0,1,0,0,0,0,8632.6
220000.0,54.0,2.0,15.0,0.0,2.0,0.0,1,1,1,0,0,0,1,0,0,0,1,1,0,0,7284.3
120000.0,43.0,2.0,3.0,0.0,2.0,0.0,1,1,1,0,1,0,1,1,0,0,0,0,0,0,7316.8
132000.0,42.0,1.0,6.0,0.0,2.0,3.0,1,1,1,0,1,0,1,0,0,1,0,0,0,0,7525.5
184000.0,52.0,2.0,1.0,0.0,5.0,0.0,1,1,1,0,0,0,1,0,1,0,0,1,0,0,4808.1
320000.0,78.0,3.0,17.0,0.0,2.0,0.0,1,1,1,0,1,0,1,1,0,0,0,0,0,1,7378.2
188700.0,74.0,3.0,23.0,0.0,5.0,0.0,1,1,1,0,0,0,1,1,0,0,0,0,0,0,1225.5
230000.0,43.0,2.0,12.0,0.0,1.0,5.0,1,1,1,1,1,1,1,0,1,0,0,1,1,0,2647.4
148000.0,40.0,1.5,23.0,0.0,5.0,0.0,1,1,1,1,0,0,1,1,1,0,1,0,0,1,9434.7
325000.0,81.0,4.0,15.0,0.0,2.0,0.0,1,1,1,0,1,0,1,1,0,1,0,0,0,0,3850.8
180000.0,65.0,3.0,3.0,0.0,2.0,6.0,1,1,1,1,1,0,1,1,0,0,0,1,0,0,8564.9
350000.0,74.0,3.0,14.0,0.0,5.0,0.0,1,1,1,1,0,0,1,1,1,0,0,1,0,1,585.3
138000.0,58.0,2.0,15.0,0.0,2.0,3.0,1,1,1,0,0,0,1,1,0,0,0,0,0,1,5085.3
269000.0,94.0,4.0,12.0,0.0,1.0,1.0,0,1,1,1,0,0,1,1,1,0,0,1,0,0,11407.0
129000.0,53.0,2.0,21.0,0.0,6.0,0.0,0,1,1,0,0,0,1,1,0,1,0,0,0,0,626.5
125000.0,38.0,0.0,14.0,0.0,2.0,0.0,1,1,0,0,1,0,1,1,0,0,0,1,0,0,8515.7
242000.0,79.0,3.0,12.0,0.0,1.0,40.0,1,0,0,1,0,0,1,0,1,0,0,0,0,0,3315.3
279000.0,62.0,2.0,15.0,0.0,2.0,0.0,1,1,1,1,1,0,1,1,0,0,0,0,1,0,11531.0
119000.0,55.0,2.0,21.0,0.0,4.0,0.0,0,1,1,0,0,0,1,0,1,0,0,0,0,0,5085.3
349000.0,71.0,3.0,16.0,0.0,1.0,0.0,1,1,1,0,1,0,1,1,1,0,0,1,0,0,2912.5
650000.0,120.0,4.0,12.0,0.0,1.0,20.0,1,1,1,1,1,1,1,1,1,0,1,1,1,0,1873.9
395000.0,73.0,3.0,15.0,0.0,2.0,3.0,1,1,1,0,0,0,1,1,0,0,0,0,0,1,1464.2
210000.0,60.0,3.0,14.0,0.0,6.0,0.0,1,1,1,1,0,0,1,1,0,1,0,0,0,1,10579.2
198000.0,47.0,2.0,16.0,0.0,5.0,0.0,1,1,1,1,1,0,1,1,1,0,1,1,0,0,9733.5
130000.0,38.0,2.0,14.0,0.0,2.0,0.0,1,1,1,0,1,1,1,1,0,0,1,0,0,1,11064.6
270000.0,74.0,3.0,17.0,0.0,2.0,0.0,1,1,1,0,1,0,1,0,0,1,0,0,0,0,8950.2
197000.0,58.0,2.0,15.0,0.0,2.0,0.0,1,1,1,0,1,0,1,1,0,0,0,1,0,1,7060.0
153000.0,51.0,2.0,12.0,0.0,1.0,7.0,1,1,1,0,0,0,1,1,0,1,0,0,0,0,11229.8
259000.0,59.0,3.0,1.0,0.0,1.0,0.0,1,1,1,0,0,0,1,0,1,0,0,0,0,0,918.3
345000.0,74.0,3.0,14.0,0.0,5.0,10.0,1,1,1,0,0,0,0,1,1,1,0,1,0,1,2888.0
222000.0,65.0,3.0,23.0,0.0,4.0,0.0,1,1,1,1,0,0,1,1,0,1,1,1,1,1,2951.3
249000.0,80.0,3.0,23.0,0.0,1.0,0.0,1,1,1,1,0,0,1,1,1,1,1,1,0,0,1739.6
252000.0,57.0,3.0,15.0,0.0,6.0,3.0,1,0,0,0,0,0,0,1,1,1,0,0,0,0,2696.2
170000.0,55.0,2.0,1.0,0.0,2.0,0.0,0,1,1,0,0,0,0,0,1,1,0,0,0,0,9478.7
270000.0,96.0,5.0,16.0,0.0,1.0,3.5,1,1,1,1,0,0,1,1,1,0,0,0,0,0,4392.9
138000.0,52.0,2.0,2.0,0.0,2.0,6.0,1,1,1,1,1,0,1,1,1,1,1,0,1,1,8632.6
99000.0,53.0,2.0,12.0,0.0,1.0,0.0,1,1,1,0,0,0,1,1,1,0,0,0,0,0,3900.9
238000.0,70.05,3.0,14.0,0.0,5.0,0.0,1,1,1,0,1,0,1,1,1,0,1,0,1,0,10594.8
124000.0,36.0,1.0,16.0,0.0,4.0,0.0,0,0,1,0,1,0,1,0,1,1,0,0,0,0,4670.2
295000.0,67.0,3.0,15.0,0.0,2.0,0.0,1,1,1,1,1,1,1,1,0,0,1,0,0,1,11982.1
350000.0,54.0,2.0,12.0,0.0,5.0,0.0,1,1,1,0,0,1,1,1,1,0,0,0,0,0,2352.6
309000.0,83.0,3.0,1.0,0.0,6.0,0.0,1,1,1,0,0,0,1,0,0,1,0,1,0,0,3501.8
280000.0,59.0,3.0,12.0,0.0,2.0,0.0,1,1,1,1,1,0,1,0,0,0,1,0,0,0,9140.5
229000.0,77.0,4.0,16.0,0.0,1.0,0.0,1,1,1,0,0,0,1,1,1,0,0,1,0,0,918.3
360000.0,96.0,4.0,23.0,0.0,5.0,0.0,1,1,1,0,0,0,1,1,1,0,0,1,0,0,5119.2
159000.0,39.0,1.0,23.0,0.0,5.0,0.0,0,1,1,1,0,0,0,0,1,0,0,0,0,0,8646.8
394000.0,91.63,3.0,17.0,0.0,2.0,5.0,1,1,1,0,1,0,1,1,0,0,1,1,0,1,5019.9
360000.0,97.0,4.0,23.0,0.0,5.0,0.0,0,0,0,1,0,0,0,1,1,0,0,1,0,0,5119.2
245000.0,43.0,2.0,12.0,0.0,2.0,0.0,1,1,1,1,1,1,1,1,0,0,0,0,0,0,2647.4
324000.0,72.0,3.0,21.0,0.0,1.0,10.0,1,1,1,0,0,0,1,1,1,1,0,0,1,1,4349.9
600000.0,151.0,5.0,12.0,0.0,5.0,151.0,1,1,1,0,0,0,1,1,1,0,1,1,1,0,2517.0
166000.0,43.0,2.0,23.0,0.0,6.0,0.0,1,1,0,1,1,0,0,0,0,0,0,0,0,0,10594.8
299000.0,63.0,3.0,12.0,0.0,5.0,5.0,1,1,1,1,1,1,0,1,0,1,1,1,0,1,3895.8
145000.0,61.0,3.0,21.0,0.0,6.0,0.0,1,1,0,0,0,0,1,1,0,1,0,0,0,0,10594.8
160000.0,42.0,2.0,12.0,0.0,2.0,0.0,1,0,0,0,1,0,1,1,0,0,0,0,0,0,4716.1
82000.0,27.1,0.0,16.0,0.0,6.0,4.0,1,1,1,0,1,1,0,1,0,0,0,0,0,0,15575.3
390000.0,90.0,3.0,16.0,0.0,5.0,5.0,1,1,1,1,0,1,0,1,0,0,0,0,0,1,731.2
188000.0,40.0,1.0,20.0,0.0,2.0,0.0,1,1,1,0,1,1,0,1,0,0,0,0,0,1,7284.3
440000.0,83.5,3.0,13.0,0.0,0.0,0.0,1,1,0,0,1,0,0,1,0,0,0,0,0,0,4542.2
230000.0,64.0,2.0,17.0,0.0,2.0,0.0,1,1,1,0,1,0,1,1,0,0,0,0,0,0,5461.8
310000.0,80.0,3.0,5.0,0.0,1.0,5.0,1,1,1,0,1,0,1,1,1,1,1,1,0,1,4392.9
349999.0,86.0,2.0,16.0,0.0,6.0,0.0,1,1,1,1,0,0,1,0,0,1,0,0,0,0,2517.0
400000.0,90.0,3.0,12.0,0.0,2.0,5.0,1,1,1,0,1,0,1,1,0,1,1,1,1,0,5080.1
190000.0,55.0,2.0,17.0,0.0,2.0,0.0,0,1,1,1,1,0,1,0,1,1,0,0,0,0,6023.9
245000.0,45.0,2.0,1.0,0.0,2.0,0.0,1,1,1,1,1,0,0,0,0,0,0,0,0,0,5582.0
440000.0,83.5,3.0,13.0,0.0,2.0,0.0,0,0,0,0,1,0,0,1,0,0,0,0,0,1,4542.2
290000.0,63.0,2.0,21.0,0.0,1.0,0.0,0,0,0,0,0,0,0,1,0,0,0,0,0,1,3525.6
850000.0,131.0,4.0,1.0,0.0,5.0,0.0,1,1,1,1,0,0,1,1,1,0,0,0,0,1,2977.3
90000.0,28.25,2.0,14.0,0.0,2.0,0.0,1,1,1,0,0,1,1,1,0,0,1,0,0,0,9151.8
849000.0,224.0,4.0,17.0,0.0,2.0,0.0,1,1,1,1,1,1,1,1,0,1,1,1,1,0,10563.1
159000.0,72.0,3.0,12.0,0.0,1.0,0.0,1,1,1,0,0,0,1,0,1,0,0,1,0,0,8835.5
360000.0,83.0,3.0,12.0,0.0,5.0,0.0,1,1,1,0,0,0,1,0,1,0,0,0,0,0,2696.2
89000.0,35.0,1.5,14.0,0.0,5.0,4.0,0,0,0,0,0,0,1,1,1,0,1,0,0,1,8827.1
195000.0,67.0,2.0,19.0,0.0,2.0,5.0,1,0,1,1,1,1,0,1,0,0,1,0,0,0,9733.5
111000.0,33.0,0.0,23.0,0.0,2.0,0.0,0,0,0,0,0,0,0,0,0,0,0,0,0,0,9072.0
210000.0,81.0,3.0,21.0,0.0,5.0,12.0,0,1,1,0,0,1,0,1,1,0,0,1,0,1,12378.6
155000.0,63.0,2.0,14.0,0.0,3.0,0.0,1,1,1,0,0,0,1,1,0,1,0,1,0,1,11208.8
120000.0,32.0,0.0,2.0,0.0,0.0,4.0,0,0,0,0,0,0,0,0,0,0,0,0,0,0,9733.5
189000.0,55.0,2.0,17.0,0.0,5.0,4.0,1,1,1,0,0,0,1,1,1,1,0,1,0,1,2611.8
258000.0,77.0,3.0,17.0,0.0,5.0,5.0,1,0,0,1,1,1,0,1,1,1,0,0,0,0,9482.2
261000.0,87.0,3.0,21.0,0.0,5.0,10.0,1,1,1,0,0,0,1,1,1,0,0,0,0,0,1739.6
325000.0,72.0,2.0,15.0,0.0,4.0,0.0,1,1,1,0,0,0,1,1,0,0,0,1,0,1,2833.2
191400.0,58.0,2.0,12.0,0.0,4.0,0.0,1,1,1,0,0,0,1,1,0,0,0,0,0,0,8997.8
250000.0,55.0,2.0,5.0,0.0,2.0,0.0,1,0,0,0,0,0,0,0,0,0,0,0,0,0,5582.0
135000.0,47.0,1.5,23.0,0.0,2.0,0.0,0,0,0,0,0,0,0,1,0,0,0,0,0,0,8632.6
269000.0,72.0,3.0,12.0,0.0,5.0,0.0,1,1,1,0,0,0,1,0,1,0,0,0,0,0,2611.8
475000.0,105.0,5.0,4.0,0.0,1.0,0.0,1,0,1,1,1,1,0,1,0,0,1,1,0,0,6328.8
210000.0,56.0,3.0,19.0,0.0,2.0,0.0,0,1,1,0,1,0,1,0,0,1,0,0,0,0,5461.8
132000.0,42.0,1.0,6.0,0.0,2.0,4.0,1,1,1,0,1,0,1,1,0,0,1,1,0,0,7525.5
435000.0,54.0,4.0,1.0,0.0,1.0,0.0,1,1,1,0,0,0,1,1,1,1,0,0,0,1,2771.6
325000.0,108.0,4.0,16.0,0.0,2.0,6.0,1,1,1,0,0,0,1,1,0,0,0,1,0,0,1464.2
420000.0,109.0,4.0,14.0,0.0,1.0,0.0,1,1,1,1,0,0,1,1,1,0,0,1,0,1,309.4
110000.0,40.0,1.5,14.0,0.0,4.0,2.5,1,1,1,0,0,0,0,0,0,0,0,0,0,0,16253.7
270000.0,80.0,3.0,23.0,0.0,1.0,0.0,1,1,1,0,0,0,1,1,1,0,0,1,0,0,1739.6
200000.0,76.0,2.0,1.0,0.0,6.0,0.0,0,1,1,0,0,0,1,1,0,1,0,1,0,0,5799.0
359000.0,103.0,4.0,1.0,0.0,4.0,0.0,0,1,1,0,0,0,1,1,0,0,0,0,0,0,1665.0
159000.0,78.0,4.0,18.0,0.0,1.0,0.0,1,0,1,0,1,0,1,1,1,1,0,1,0,0,8304.9
210000.0,45.0,3.0,21.0,0.0,6.0,0.0,1,1,1,1,0,0,1,0,1,1,0,0,0,0,4266.6
320000.0,66.0,3.0,15.0,0.0,5.0,0.0,1,1,1,1,0,0,1,1,1,1,0,1,0,1,1055.8
154999.0,55.0,2.0,22.0,0.0,2.0,0.0,1,1,1,0,1,0,1,1,0,0,1,1,1,1,9140.5
470000.0,88.0,2.0,12.0,0.0,1.0,0.0,1,0,1,1,0,0,1,1,1,0,0,0,0,1,1464.5
564000.0,94.0,4.0,12.0,0.0,5.0,0.0,1,0,0,0,0,0,0,0,0,1,0,0,0,0,1465.2
465000.0,86.0,3.0,14.0,0.0,1.0,0.0,1,1,1,1,0,0,1,1,1,0,0,1,1,1,862.0
300000.0,56.0,2.0,14.0,0.0,2.0,3.1,0,1,1,1,1,1,0,1,0,0,0,0,0,0,5641.1
299999.0,76.0,3.0,14.0,0.0,2.0,10.0,1,0,0,0,1,0,0,1,0,0,0,0,0,1,5589.1
330000.0,73.0,3.0,18.0,0.0,2.0,0.0,0,0,0,0,1,0,0,0,0,0,0,0,0,0,3474.2
449990.0,80.0,3.0,14.0,0.0,2.0,4.0,1,1,1,1,1,1,0,1,0,0,0,0,0,0,7346.9
350000.0,64.0,3.0,14.0,0.0,1.0,0.0,1,1,1,1,0,0,1,1,1,0,1,0,1,1,3501.8
1200000.0,250.0,5.0,12.0,0.0,1.0,0.0,1,1,1,0,0,0,1,1,1,0,0,0,0,1,3839.4
1200000.0,250.0,5.0,1.0,0.0,1.0,0.0,0,1,1,0,0,0,1,1,1,0,0,0,0,1,3839.4
299000.0,87.0,3.0,1.0,0.0,1.0,5.0,0,1,1,0,0,0,1,1,1,1,1,1,0,1,2988.1
599000.0,219.0,5.0,1.0,0.0,1.0,15.0,1,1,1,1,0,0,1,1,1,1,1,1,0,1,3703.1
205000.0,121.0,4.0,14.0,0.0,1.0,4.0,1,1,1,1,0,0,1,1,1,1,0,1,0,1,10487.4
350000.0,65.0,3.0,14.0,0.0,6.0,4.0,1,1,1,1,0,0,1,1,0,1,0,0,0,1,603.4
319000.0,78.0,3.0,17.0,0.0,2.0,6.0,1,1,1,1,1,0,1,1,0,1,0,1,0,1,8442.8
150000.0,53.0,2.0,23.0,0.0,6.0,0.0,1,1,1,1,1,0,1,1,0,1,0,1,0,0,40575.7
165000.0,49.0,1.5,19.0,0.0,6.0,0.0,1,1,1,0,1,1,1,1,0,0,0,1,0,0,9478.7
185000.0,74.0,3.0,22.0,0.0,2.0,0.0,1,1,1,0,0,0,1,1,0,0,1,0,0,0,9140.5
224000.0,46.0,3.0,1.0,0.0,1.0,0.0,1,1,1,1,0,0,1,1,1,1,0,1,0,1,603.4
120000.0,43.0,1.5,3.0,0.0,2.0,0.0,0,1,1,0,1,0,1,1,0,0,0,1,0,0,7935.6
260000.0,49.2,2.0,5.0,0.0,2.0,0.0,1,1,1,1,1,1,1,1,0,0,0,0,0,0,6417.6
135000.0,72.0,3.0,12.0,0.0,1.0,0.0,0,0,0,0,0,0,1,1,0,1,0,0,0,0,12812.3
138000.0,23.0,0.0,12.0,0.0,6.0,0.0,1,0,0,0,0,0,0,1,0,1,0,0,0,0,309.4
350000.0,97.0,3.0,1.0,0.0,4.0,0.0,1,1,1,1,0,1,1,1,0,0,1,0,1,0,1771.9
111000.0,30.0,0.0,20.0,0.0,0.0,0.0,1,1,1,1,1,1,1,1,0,0,1,0,0,0,9132.0
115000.0,29.0,0.0,2.0,0.0,2.0,4.0,1,1,1,1,1,0,1,1,0,0,0,0,0,1,7316.8
238000.0,70.05,3.0,14.0,0.0,5.0,2.5,1,1,1,1,1,1,0,1,1,0,0,0,0,0,10594.8
189000.0,61.0,2.0,2.0,0.0,2.0,0.0,1,1,1,1,1,1,1,1,0,0,0,0,0,1,11531.0
265000.0,51.0,2.0,1.0,0.0,1.0,3.0,1,1,1,1,0,0,1,1,1,1,0,0,0,1,3428.3
207000.0,65.0,2.0,16.0,0.0,1.0,0.0,1,1,0,1,1,0,1,1,0,0,1,0,0,1,10072.2
227500.0,67.0,3.0,16.0,0.0,2.0,0.0,1,1,0,0,0,0,0,1,0,1,0,0,0,0,4830.0
250000.0,57.0,2.0,18.0,0.0,0.0,0.0,1,1,1,1,1,1,1,1,0,0,1,1,0,0,7284.3
330000.0,61.0,2.0,13.0,0.0,2.0,0.0,0,0,0,0,0,0,0,0,0,0,0,0,0,0,688.3
330000.0,89.0,4.0,18.0,0.0,2.0,0.0,1,1,1,1,1,0,0,1,0,1,1,1,0,1,8890.6
200000.0,85.0,3.0,12.0,0.0,5.0,0.0,1,1,1,0,0,0,1,1,1,1,0,1,0,0,11394.5
195000.0,60.0,3.0,1.0,0.0,5.0,0.0,0,0,0,0,0,0,0,0,0,0,0,0,0,0,3839.4
156000.0,43.0,1.0,12.0,0.0,5.0,0.0,1,1,1,0,0,1,0,1,1,0,0,0,0,0,9766.2
260000.0,55.0,3.0,18.0,0.0,2.0,0.0,1,0,0,1,1,1,0,1,0,0,0,0,0,1,7346.9
225000.0,76.0,4.0,13.0,0.0,2.0,0.0,1,1,1,1,1,0,1,1,0,0,0,0,0,1,4556.0
203000.0,68.0,3.0,15.0,0.0,2.0,5.0,1,1,1,0,1,0,1,1,1,1,0,1,0,1,9172.3
285000.0,84.0,3.0,14.0,0.0,5.0,6.0,1,1,1,1,0,0,1,1,1,0,0,1,0,0,5963.7
240000.0,55.0,2.0,12.0,0.0,1.0,0.0,1,1,1,0,1,0,1,1,0,1,0,0,0,0,9272.7
193700.0,69.0,3.0,14.0,0.0,2.0,5.0,1,0,0,0,0,0,1,1,0,1,0,0,0,0,8947.9
235000.0,74.0,3.0,18.0,0.0,6.0,0.0,1,1,1,0,1,1,1,1,0,0,0,0,0,0,9478.7
191610.0,63.0,3.0,4.0,0.0,0.0,0.0,1,1,1,1,1,1,1,1,0,0,0,0,0,0,9733.5
296000.0,74.0,3.0,18.0,0.0,2.0,0.0,1,1,1,0,1,0,1,1,0,0,1,0,0,1,2963.5
205000.0,65.0,3.0,14.0,0.0,2.0,5.0,1,1,1,0,1,0,1,1,0,1,0,1,0,1,8085.7
200000.0,50.0,4.0,21.0,0.0,6.0,0.0,0,1,1,0,0,0,1,1,1,0,0,1,0,1,580.7
375000.0,125.0,4.0,14.0,0.0,1.0,5.0,1,1,1,1,0,0,1,1,1,0,0,1,1,1,1262.8
300000.0,145.0,5.0,21.0,0.0,1.0,0.0,1,1,1,0,0,0,1,1,1,0,0,1,0,1,867.7
190000.0,50.0,2.0,1.0,0.0,1.0,0.0,1,1,1,1,0,0,0,1,1,1,0,0,0,1,965.1
470000.0,98.0,3.0,18.0,0.0,5.0,0.0,0,0,0,0,0,1,0,1,0,0,0,0,0,0,3798.7
195000.0,53.0,2.0,15.0,0.0,1.0,5.0,1,1,1,1,1,1,1,1,1,1,1,0,0,1,9733.5
275000.0,77.0,3.0,16.0,0.0,1.0,0.0,1,1,1,1,0,0,1,1,1,0,0,1,0,1,2752.5
283500.0,105.0,4.0,19.0,0.0,2.0,0.0,1,1,1,0,1,0,1,1,1,0,0,0,1,0,8697.5
750000.0,1050.0,4.0,1.0,0.0,1.0,6.0,1,1,1,1,1,0,1,1,1,1,0,1,0,0,9032.5
325000.0,130.0,3.0,14.0,0.0,1.0,6.0,1,1,1,1,0,0,1,1,1,1,0,1,0,1,2193.7
362740.0,96.0,3.0,14.0,0.0,1.0,0.0,1,1,1,0,0,0,1,1,0,0,0,1,0,0,1973.8
430000.0,137.0,5.0,12.0,0.0,5.0,0.0,1,1,0,0,0,0,0,1,1,0,0,0,0,0,1053.5
300000.0,80.0,3.0,23.0,0.0,3.0,4.0,0,1,1,0,0,0,1,1,0,0,0,1,0,0,719.4
215000.0,46.0,3.0,21.0,0.0,6.0,35.0,1,1,1,1,0,0,1,1,1,1,0,0,0,1,4266.6
240000.0,62.0,2.0,23.0,0.0,1.0,0.0,1,1,1,1,0,0,1,1,1,1,1,1,1,1,4670.2
243150.0,51.25,2.0,16.0,0.0,0.0,0.0,1,0,0,1,1,1,0,1,0,0,1,0,0,0,7346.9
270000.0,75.0,3.0,1.0,0.0,5.0,0.0,0,1,1,0,1,0,1,1,0,1,0,1,0,0,1022.6
325000.0,128.0,4.0,18.0,0.0,1.0,9.0,1,1,1,0,1,1,1,1,1,1,1,0,0,0,10072.2
268000.0,55.0,2.0,1.0,0.0,5.0,5.0,1,1,1,1,0,0,1,1,1,1,0,0,0,1,3428.3
280000.0,90.0,3.0,1.0,0.0,5.0,4.0,1,0,0,0,1,1,0,1,1,0,0,0,0,0,10563.1
195000.0,48.0,2.0,23.0,0.0,2.0,0.0,1,1,1,0,0,0,1,1,0,0,0,0,0,0,3474.2
270000.0,71.0,2.0,15.0,0.0,1.0,0.0,1,1,1,1,0,0,1,1,1,0,0,1,0,1,2752.5
210000.0,69.0,3.0,21.0,0.0,6.0,6.0,1,1,1,0,0,0,1,1,1,1,0,0,0,1,4355.3
349000.0,113.0,4.0,16.0,0.0,1.0,22.0,1,1,1,1,0,0,1,1,1,1,0,1,0,1,2932.4
374500.0,124.0,5.0,21.0,0.0,1.0,0.0,0,1,1,1,0,0,1,1,1,0,0,0,0,0,3349.0
148000.0,41.0,2.0,19.0,0.0,2.0,8.0,1,1,1,1,1,0,1,1,0,0,1,0,0,0,9733.5
459000.0,144.0,5.0,12.0,0.0,6.0,3.0,1,1,1,0,0,0,1,1,0,0,0,0,1,1,862.0
220000.0,85.0,4.0,15.0,0.0,1.0,5.0,1,1,1,1,0,0,1,1,0,1,0,0,0,0,4340.9
380000.0,94.0,2.0,1.0,0.0,5.0,6.0,1,1,1,0,0,0,1,1,1,1,0,1,0,0,2161.7
179000.0,54.0,2.0,15.0,0.0,2.0,0.0,0,0,0,0,0,0,0,1,0,0,0,0,0,0,5914.0
275000.0,101.0,4.0,17.0,0.0,5.0,9.0,1,1,1,1,1,1,1,1,1,1,1,0,0,0,10357.1
300000.0,61.0,3.0,21.0,0.0,1.0,10.0,1,1,1,1,1,1,1,1,1,1,1,0,1,0,4923.8
145000.0,40.0,1.5,15.0,0.0,2.0,2.0,0,1,1,0,1,0,1,1,0,0,0,0,0,0,7896.5
210000.0,49.0,1.0,1.0,0.0,2.0,4.0,1,1,1,0,1,0,0,1,0,1,0,0,0,0,5963.7
370000.0,96.0,4.0,14.0,0.0,1.0,3.0,1,1,1,1,0,0,1,1,1,1,1,1,0,1,1973.8
300000.0,90.0,3.0,12.0,0.0,6.0,0.0,1,1,1,0,1,0,1,1,1,0,0,1,0,0,3812.8
350000.0,99.0,3.0,1.0,0.0,6.0,0.0,1,1,1,0,0,0,1,1,0,1,0,1,0,1,3729.4
230000.0,63.0,3.0,14.0,0.0,2.0,0.0,1,1,1,1,0,0,1,1,0,0,0,1,1,1,12246.4
410000.0,125.0,4.0,23.0,0.0,5.0,0.0,1,1,1,0,0,0,1,1,1,0,0,1,0,1,4315.0
299000.0,78.0,4.0,1.0,0.0,1.0,0.0,0,1,1,0,0,0,1,1,1,1,0,0,0,0,867.7
226000.0,73.0,3.0,23.0,0.0,5.0,2.0,0,0,0,0,1,1,0,1,0,1,0,1,0,0,8597.0
155000.0,90.0,3.0,12.0,0.0,5.0,10.0,0,1,1,0,0,0,1,1,1,1,0,1,0,0,3678.9
205000.0,100.0,4.0,20.0,0.0,2.0,0.0,0,1,1,0,1,0,1,1,0,0,0,0,0,0,8976.7
320000.0,128.0,4.0,17.0,0.0,5.0,14.0,1,0,0,0,1,0,1,1,1,1,0,0,0,0,10072.2
210000.0,72.0,3.0,11.0,0.0,2.0,0.0,1,1,1,0,1,0,1,1,0,0,0,1,0,0,4556.0
94000.0,33.0,1.0,1.0,0.0,6.0,0.0,1,1,1,0,0,0,1,1,0,1,0,0,0,1,6582.3
450000.0,190.0,4.0,12.0,0.0,4.0,0.0,1,1,1,0,0,0,0,1,0,1,0,0,0,0,14685.1
280000.0,68.0,3.0,18.0,0.0,5.0,0.0,1,1,1,0,0,0,1,1,1,0,0,0,0,1,4596.8
260000.0,100.0,4.0,14.0,0.0,1.0,7.0,1,1,1,1,1,0,1,1,1,1,0,1,0,1,10487.4
95000.0,28.0,0.0,23.0,0.0,6.0,0.0,1,1,1,0,0,0,1,1,0,1,1,0,0,0,4966.8
435000.0,103.0,5.0,12.0,0.0,2.0,2.0,1,1,1,0,0,0,1,1,0,1,0,1,0,1,1761.1
200000.0,68.0,3.0,15.0,0.0,2.0,5.0,1,1,1,0,0,1,1,1,0,1,0,1,0,0,11482.8
375000.0,100.0,4.0,1.0,0.0,2.0,2.0,1,1,1,1,0,0,1,1,1,0,0,0,0,1,3103.5
380000.0,110.0,3.0,23.0,0.0,5.0,0.0,1,0,1,1,0,0,1,1,1,0,0,0,0,1,3177.8
250000.0,52.0,2.0,17.0,0.0,1.0,4.0,1,0,0,1,1,1,0,1,1,0,0,1,0,0,7346.9
190000.0,53.0,2.0,16.0,0.0,0.0,0.0,1,1,1,1,0,0,1,0,0,0,1,1,0,1,5656.9
192500.0,55.0,2.0,12.0,0.0,2.0,4.0,0,0,0,0,1,0,0,1,1,1,1,0,0,0,9272.7
175000.0,50.0,3.0,21.0,1.0,2.0,0.0,0,0,0,0,0,0,0,0,0,0,0,0,0,0,580.7
136945.0,45.0,2.0,21.0,1.0,4.0,0.0,1,1,1,1,1,0,1,0,0,0,1,1,0,0,9970.4
209000.0,48.0,2.0,12.0,1.0,1.0,0.0,1,1,1,0,0,0,1,1,1,0,0,1,0,0,3428.3
115900.0,33.0,2.0,23.0,1.0,2.0,0.0,1,0,1,1,0,0,0,1,0,0,0,0,0,0,9823.6
199000.0,64.0,2.0,1.0,1.0,1.0,5.0,1,1,1,0,0,0,1,1,1,0,0,1,0,0,11480.0
195250.0,55.0,2.0,16.0,1.0,6.0,0.0,1,1,1,1,1,1,1,1,0,0,1,0,1,0,9049.6
262500.0,75.0,3.0,16.0,1.0,6.0,0.0,1,1,1,1,1,0,1,1,0,0,1,0,1,0,9049.6
122060.0,34.0,0.0,16.0,1.0,6.0,0.0,1,1,1,1,1,1,1,1,0,0,1,0,1,0,9049.6
295000.0,75.0,3.0,12.0,1.0,4.0,0.0,1,1,1,1,0,1,1,1,0,0,0,1,0,0,1057.9
166531.0,48.0,2.0,1.0,1.0,4.0,0.0,1,1,1,1,1,0,1,0,0,0,1,1,0,0,9970.4
310926.0,74.0,3.0,12.0,1.0,1.0,0.0,1,1,1,1,0,1,1,0,1,0,1,1,0,0,2305.2
242760.0,60.69,2.0,1.0,1.0,5.0,0.0,1,0,1,1,1,1,0,0,1,0,0,0,0,0,8304.9
246886.0,65.0,3.0,21.0,1.0,1.0,0.0,1,1,1,1,0,1,1,0,1,0,1,0,0,0,2305.2
132900.0,38.0,2.0,1.0,1.0,2.0,0.0,1,0,0,0,0,0,0,1,0,0,0,0,0,0,9823.6
132500.0,39.0,1.5,14.0,1.0,2.0,0.0,1,1,1,0,1,0,1,1,1,1,0,1,0,0,9272.7
105000.0,35.0,1.0,21.0,1.0,4.0,0.0,0,0,0,0,0,0,0,1,0,1,0,0,0,0,3571.3
130000.0,40.0,2.0,15.0,1.0,2.0,0.0,0,1,1,0,1,0,1,1,0,0,0,0,0,0,8976.7
868500.0,193.0,4.0,5.0,1.0,2.0,0.0,1,1,1,0,1,1,1,1,0,0,1,0,0,0,5589.1
250000.0,65.0,3.0,15.0,1.0,5.0,0.0,1,0,0,0,0,0,0,1,0,0,0,0,0,0,1540.6
171000.0,48.0,2.0,12.0,1.0,1.0,4.0,1,1,1,0,0,0,1,1,1,1,0,0,0,1,5541.3
65000.0,30.0,1.0,22.0,1.0,6.0,0.0,1,0,0,0,0,0,0,1,0,0,0,0,0,1,16649.8
295000.0,77.0,4.0,12.0,1.0,1.0,0.0,0,0,0,0,0,0,0,1,0,0,0,1,0,0,3703.1
285192.0,79.0,3.0,19.0,1.0,6.0,6.87,1,1,1,1,1,1,1,1,0,0,1,0,0,0,11864.1
346625.0,131.0,4.0,1.0,1.0,1.0,0.0,1,1,1,0,0,1,1,1,1,0,1,1,0,0,8867.2
145000.0,58.0,2.0,15.0,1.0,2.0,0.0,1,1,1,0,0,0,1,1,0,0,0,0,0,1,21719.6
180000.0,49.0,1.0,1.0,1.0,5.0,0.0,1,1,1,0,0,0,1,1,1,0,0,1,0,0,3703.1
95000.0,28.0,0.0,19.0,1.0,6.0,0.0,1,0,0,0,1,0,0,1,0,0,0,0,0,0,9395.8
120000.0,43.0,1.5,3.0,1.0,2.0,0.0,0,0,0,0,1,0,0,1,0,0,0,0,0,0,7316.8
280000.0,87.0,3.0,1.0,1.0,5.0,0.0,1,1,1,1,1,1,1,1,1,0,1,0,0,0,12158.6
64000.0,65.0,2.0,22.0,1.0,5.0,0.0,0,0,0,0,0,0,0,1,0,0,0,0,0,0,9075.4
156000.0,53.0,2.0,21.0,1.0,5.0,0.0,0,1,1,0,0,0,1,1,1,1,0,1,0,0,1464.2
145000.0,41.0,2.0,1.0,1.0,6.0,2.0,1,1,1,0,1,1,1,1,0,0,1,0,0,0,9132.0
255000.0,71.0,3.0,15.0,1.0,2.0,0.0,0,0,0,0,0,0,0,1,0,0,0,0,0,0,4787.8
160000.0,123.0,4.0,1.0,1.0,5.0,0.0,0,1,1,0,0,0,1,1,1,0,0,0,0,0,3729.4
180513.0,52.0,3.0,1.0,1.0,6.0,0.0,1,1,1,1,1,1,1,0,0,0,0,0,0,0,12520.3
146240.0,39.0,2.0,1.0,1.0,6.0,0.0,1,1,1,0,1,0,1,0,0,0,0,0,0,0,12520.3
420500.0,72.5,3.0,1.0,1.0,2.0,0.0,1,1,1,0,1,1,1,1,0,0,1,0,1,0,4353.9
725040.0,120.84,5.0,14.0,1.0,2.0,0.0,1,1,1,0,1,1,1,1,0,0,1,0,1,0,4353.9
365000.0,97.0,2.0,12.0,1.0,0.0,0.0,1,0,0,0,1,1,1,1,0,0,1,0,1,0,3663.5
435000.0,90.0,3.0,1.0,1.0,0.0,16.0,1,0,0,0,1,1,0,1,0,0,0,0,0,0,3663.5
419000.0,97.0,4.0,3.0,1.0,2.0,12.0,1,1,1,1,1,1,0,1,0,0,0,0,0,0,6328.8
200000.0,87.0,4.0,21.0,1.0,2.0,0.0,1,1,1,0,0,0,1,1,0,1,0,1,0,0,9317.9
143000.0,42.0,1.0,12.0,1.0,2.0,0.0,1,1,1,0,0,0,1,1,0,0,0,0,0,0,5856.3
230000.0,83.0,3.0,21.0,1.0,2.0,0.0,1,1,1,1,0,0,1,1,0,0,0,1,0,0,9107.6
200000.0,64.0,2.0,23.0,1.0,2.0,0.0,1,1,1,0,0,0,1,1,0,1,0,1,0,0,8400.0
131000.0,64.0,3.0,12.0,1.0,1.0,0.0,0,0,0,0,0,0,0,1,0,0,0,0,0,0,1225.5
285000.0,79.0,3.0,15.0,1.0,4.0,0.0,1,1,1,1,1,1,1,1,0,1,0,1,1,0,11864.1
180000.0,72.0,3.0,15.0,1.0,2.0,0.0,0,0,0,0,0,0,0,1,0,0,0,1,0,0,9321.8
346000.0,131.5,4.0,1.0,1.0,5.0,40.0,1,1,1,0,0,1,1,1,1,0,1,0,0,0,8054.0
165000.0,76.0,3.0,21.0,1.0,5.0,4.0,1,1,1,0,1,0,1,1,1,0,0,0,0,0,9842.7
320000.0,103.0,4.0,12.0,1.0,1.0,0.0,0,1,1,0,0,0,0,1,0,1,0,1,0,0,862.0
132000.0,42.0,2.0,6.0,1.0,2.0,0.0,1,1,1,0,1,0,1,1,0,0,0,0,0,0,7525.5
131517.0,40.0,2.0,23.0,1.0,1.0,8.0,1,1,1,1,1,1,1,0,1,0,0,0,0,0,8901.1
87000.0,20.0,0.0,21.0,1.0,2.0,0.0,1,1,1,0,0,0,1,1,0,0,0,0,0,0,3729.4
225000.0,71.0,3.0,14.0,1.0,2.0,0.0,1,1,1,0,1,0,1,1,0,0,0,1,0,0,8632.6
215379.0,79.0,4.0,1.0,1.0,1.0,0.0,1,1,1,1,1,1,1,0,1,0,0,0,0,0,8901.1
633600.0,144.0,5.0,21.0,1.0,1.0,0.0,1,1,1,1,0,1,1,1,1,0,1,1,1,0,4447.2
134208.0,42.0,2.0,12.0,1.0,6.0,0.0,1,1,1,0,0,1,1,1,0,0,0,1,0,0,9140.5
250000.0,40.0,2.0,1.0,1.0,2.0,0.0,1,1,0,0,1,0,1,1,0,0,0,0,1,0,963.7
270600.0,82.0,3.0,21.0,1.0,6.0,16.0,0,0,0,0,0,0,0,1,0,0,0,1,0,0,2480.0
140183.0,38.65,2.0,1.0,1.0,4.0,0.0,0,0,0,0,0,1,0,0,0,0,0,0,0,0,12520.3
385950.0,83.0,3.0,1.0,1.0,4.0,0.0,1,1,1,1,1,0,1,1,0,0,0,0,0,0,14819.7
135000.0,48.0,2.0,23.0,1.0,0.0,0.0,1,1,1,0,0,0,1,1,0,0,0,0,0,1,13502.0
300000.0,46.0,2.0,12.0,1.0,1.0,0.0,0,1,1,0,1,0,1,1,1,0,0,0,0,0,2696.2
265000.0,81.0,4.0,1.0,1.0,6.0,0.0,1,1,1,0,0,0,1,1,0,1,0,0,0,1,10211.8
160000.0,62.0,3.0,1.0,1.0,1.0,0.0,0,1,1,0,0,0,1,1,1,0,0,0,0,0,5253.8
335000.0,75.0,3.0,15.0,1.0,2.0,0.0,1,1,1,0,1,0,1,1,0,0,0,1,0,1,3249.1
329000.0,76.0,3.0,1.0,1.0,2.0,0.0,1,1,1,0,0,0,1,1,0,0,0,0,0,0,4716.1
679000.0,123.0,4.0,1.0,1.0,5.0,0.0,1,1,1,0,0,0,1,1,1,0,0,0,0,1,2517.0
215000.0,97.0,5.0,21.0,1.0,5.0,0.0,0,1,0,0,0,0,1,1,1,0,0,1,0,0,3678.9
499000.0,84.0,4.0,17.0,1.0,2.0,0.0,1,1,1,0,1,0,1,1,0,0,0,1,0,0,1739.6
344995.0,106.0,5.0,14.0,1.0,1.0,0.0,0,1,1,0,0,0,1,1,1,0,0,1,0,0,2392.1
219000.0,70.0,3.0,15.0,1.0,2.0,0.0,1,1,1,0,0,0,1,1,0,0,0,0,0,0,12385.6
270000.0,90.0,4.0,1.0,1.0,5.0,0.0,1,1,1,0,0,0,1,1,1,0,0,0,0,1,867.7
633600.0,144.0,5.0,21.0,1.0,1.0,0.0,1,1,1,1,0,1,1,1,1,1,1,1,1,0,4447.2
391000.0,78.0,3.0,21.0,1.0,4.0,0.0,1,0,1,0,0,1,0,1,0,0,0,1,0,0,3839.4
378800.0,94.0,4.0,14.0,1.0,1.0,35.0,0,0,0,0,0,0,0,0,0,0,0,0,0,0,5119.2
283000.0,55.0,2.0,12.0,1.0,6.0,0.0,0,1,1,0,0,0,1,1,1,1,0,0,0,0,1470.1
671864.0,164.0,4.0,14.0,1.0,6.0,0.0,1,1,1,1,0,1,1,1,0,0,1,1,1,0,6923.4
538000.0,116.0,5.0,15.0,1.0,2.0,0.0,1,1,1,0,0,0,1,1,1,1,0,1,0,0,2184.8
452000.0,113.0,4.0,1.0,1.0,1.0,0.0,0,1,1,0,0,0,1,1,1,0,0,0,0,0,3839.4
544000.0,136.0,4.0,12.0,1.0,1.0,0.0,0,1,1,0,0,0,1,1,1,0,0,0,0,0,3839.4
350000.0,89.0,3.0,23.0,1.0,1.0,0.0,1,1,1,0,0,0,1,1,1,0,0,1,0,0,2802.9
701522.0,171.0,4.0,12.0,1.0,6.0,0.0,1,1,1,1,0,1,1,1,0,0,1,1,1,0,6923.4
654985.0,158.0,4.0,1.0,1.0,6.0,0.0,1,1,1,1,0,1,1,1,1,0,1,1,1,0,6923.4
435000.0,55.0,4.0,1.0,1.0,1.0,0.0,1,1,1,0,0,1,1,1,0,0,0,0,0,0,2771.6
249000.0,80.0,3.0,23.0,1.0,1.0,0.0,1,1,1,0,0,0,1,1,1,1,0,1,0,1,1739.6
349000.0,112.0,4.0,16.0,1.0,1.0,0.0,0,1,1,0,0,0,1,1,1,0,0,1,0,0,2932.4
200000.0,140.0,3.0,1.0,1.0,1.0,0.0,0,1,1,0,0,0,1,1,1,0,0,0,0,0,1595.4
135000.0,62.0,2.0,1.0,1.0,1.0,0.0,1,1,1,0,0,0,1,1,1,0,0,1,0,0,4006.2
549369.0,132.0,4.0,12.0,1.0,6.0,0.0,1,1,1,1,0,1,1,1,0,0,1,1,1,0,6923.4
298000.0,71.0,3.0,1.0,1.0,2.0,0.0,0,1,1,0,0,0,1,1,0,0,0,0,0,0,3839.4
577104.0,140.0,4.0,14.0,1.0,6.0,0.0,1,1,1,1,0,1,1,1,0,0,1,1,1,0,6923.4
189000.0,90.0,3.0,1.0,1.0,6.0,0.0,0,1,1,0,0,0,1,1,1,1,0,0,0,0,5100.5
261000.0,87.0,4.0,15.0,1.0,2.0,0.0,1,1,1,0,0,0,1,1,0,1,0,1,0,0,8997.8
210000.0,45.0,1.0,23.0,1.0,1.0,0.0,0,0,1,0,0,0,1,1,1,1,0,0,0,0,2977.3
152982.0,55.0,3.0,1.0,1.0,1.0,0.0,1,1,1,1,1,1,1,0,1,0,0,0,0,0,8901.1
95000.0,42.0,2.0,1.0,1.0,5.0,0.0,0,1,1,0,0,0,1,1,1,0,0,0,0,0,4340.9
174015.0,64.0,3.0,1.0,1.0,1.0,0.0,1,1,1,1,1,1,1,0,1,0,0,0,0,0,8901.1
196200.0,67.0,3.0,14.0,1.0,5.0,0.0,1,0,0,1,1,1,0,0,1,0,0,0,0,0,10246.9
255150.0,85.0,3.0,15.0,1.0,5.0,0.0,1,0,0,1,1,1,0,0,1,0,0,0,0,0,10246.9
220000.0,57.0,2.0,19.0,1.0,2.0,0.0,0,1,1,0,1,0,1,1,0,0,0,1,0,0,7284.3
129000.0,43.0,1.0,14.0,1.0,4.0,0.0,0,0,0,0,0,0,0,1,0,0,0,0,0,0,3703.1
139500.0,52.0,2.0,2.0,1.0,2.0,0.0,1,1,1,1,1,0,1,1,0,1,1,0,1,1,8632.6
153900.0,45.5,2.0,1.0,1.0,1.0,2.0,1,1,1,0,1,1,0,1,0,0,0,0,0,0,14685.1
148364.0,50.0,2.0,1.0,1.0,2.0,2.0,1,1,1,0,1,1,0,1,0,0,0,0,0,0,14685.1
142900.0,43.14,2.0,1.0,1.0,2.0,2.0,1,1,1,0,1,1,1,1,0,0,0,0,0,0,14685.1
334788.0,89.0,4.0,1.0,1.0,6.0,0.0,1,1,1,0,1,1,1,1,0,0,0,0,0,0,12520.3
325671.0,75.23,3.0,20.0,1.0,2.0,5.5,1,1,1,1,1,1,1,1,0,0,1,0,1,0,14921.3
220050.0,73.35,4.0,16.0,1.0,2.0,3.0,1,1,1,0,1,1,1,1,0,0,1,0,1,0,12066.2
130578.0,31.0,0.0,17.0,1.0,0.0,0.0,1,1,0,1,1,1,1,1,0,0,0,0,0,0,9702.2
350000.0,78.0,3.0,17.0,1.0,0.0,0.0,1,0,0,1,0,1,1,1,0,0,0,0,0,0,9702.2
668800.0,152.0,5.0,21.0,1.0,1.0,0.0,1,1,1,1,0,1,1,1,1,0,1,1,1,0,4447.2
417100.0,97.0,3.0,1.0,1.0,5.0,0.0,1,1,1,0,0,0,1,1,1,0,0,1,0,0,1397.1
237271.0,46.09,1.0,20.0,1.0,2.0,5.5,1,1,1,1,1,1,1,1,0,0,1,0,1,0,14921.3
361021.0,86.92,3.0,15.0,1.0,2.0,5.5,1,1,1,1,1,1,1,1,0,0,1,0,1,0,14921.3
454627.0,111.02,3.0,15.0,1.0,2.0,5.5,1,1,1,1,1,1,1,1,0,0,1,0,1,0,14921.3
240000.0,86.0,4.0,14.0,1.0,1.0,4.0,1,1,1,1,0,1,1,1,1,0,0,1,0,0,3920.5
375000.0,112.0,5.0,12.0,1.0,1.0,0.0,1,1,1,1,0,0,1,1,1,0,1,1,1,1,111.0
137800.0,53.0,2.0,1.0,1.0,6.0,0.0,0,1,1,1,0,1,0,1,0,0,1,0,0,0,13134.7
109000.0,37.0,1.0,1.0,1.0,6.0,0.0,1,1,1,1,0,0,1,1,0,0,1,0,1,1,7680.2
250000.0,71.51,3.0,1.0,1.0,6.0,2.5,1,1,1,0,1,1,1,1,0,0,1,0,0,0,9132.0
119000.0,33.17,0.0,1.0,1.0,6.0,2.5,1,1,1,0,1,1,1,1,0,0,1,0,0,0,9132.0
434000.0,72.06,3.0,1.0,1.0,4.0,3.0,1,1,1,0,0,1,1,1,0,0,0,0,0,0,3678.9
315000.0,85.0,4.0,1.0,1.0,5.0,0.0,0,1,1,0,0,0,1,1,0,0,0,0,1,0,862.0
351000.0,90.0,3.0,17.0,1.0,4.0,5.0,1,0,1,0,1,1,1,1,0,0,0,1,0,0,11864.1
352000.0,90.0,3.0,17.0,1.0,4.0,5.0,1,1,1,0,1,1,1,1,0,0,0,1,0,0,11864.1
199025.0,92.0,3.0,12.0,1.0,6.0,9.0,1,0,0,0,0,0,0,1,1,0,0,1,0,0,15249.9
299000.0,77.0,3.0,14.0,1.0,6.0,0.0,0,1,1,0,0,0,1,1,1,1,0,0,0,0,2228.2
280000.0,92.0,3.0,14.0,1.0,1.0,0.0,1,1,1,1,0,0,1,1,1,1,0,1,0,0,2228.2
821340.0,176.0,5.0,1.0,1.0,1.0,30.0,1,1,1,1,0,1,1,1,1,1,1,1,1,1,4447.2
183584.0,57.0,3.0,12.0,1.0,6.0,0.0,1,1,1,0,0,1,1,1,0,0,0,0,0,0,9140.5
318500.0,91.0,3.0,2.0,1.0,4.0,3.0,1,1,1,1,1,1,1,1,0,0,1,1,1,0,11864.1
332500.0,95.0,3.0,15.0,1.0,4.0,3.0,1,1,1,1,1,1,1,1,0,0,1,1,1,0,11864.1
414000.0,120.0,4.0,2.0,1.0,4.0,10.0,1,1,1,1,1,1,1,1,0,0,1,1,1,0,11864.1
135000.0,50.0,2.0,1.0,1.0,0.0,0.0,1,1,1,0,0,0,1,1,0,0,0,0,0,0,21719.6
190000.0,71.5,3.0,18.0,1.0,1.0,3.0,1,1,1,1,1,1,1,1,1,0,0,0,0,0,12004.9
218000.0,72.0,3.0,1.0,1.0,5.0,4.0,1,1,1,0,0,0,1,1,1,1,0,1,0,0,4349.9
133000.0,47.0,2.0,3.0,1.0,2.0,3.0,0,0,0,0,0,0,0,0,0,1,0,0,0,0,7372.3
182500.0,68.0,3.0,18.0,1.0,2.0,5.0,1,0,0,0,1,0,0,1,0,1,0,1,0,0,8348.3
432000.0,96.0,4.0,1.0,1.0,0.0,6.0,1,0,1,1,1,0,0,0,0,0,1,1,1,0,2228.2
343152.0,95.0,4.0,15.0,1.0,4.0,0.0,1,1,1,1,1,0,1,0,0,0,1,0,0,0,9970.4
431548.0,83.0,3.0,1.0,1.0,4.0,0.0,1,1,1,1,0,1,1,1,0,0,0,1,0,0,3839.4
242760.0,59.0,3.0,1.0,1.0,1.0,0.0,1,0,1,1,1,0,1,0,1,0,0,1,0,0,8304.9
341000.0,75.0,3.0,1.0,1.0,0.0,6.0,1,1,1,1,1,0,1,0,0,0,1,0,1,0,2228.2
251600.0,62.0,3.0,1.0,1.0,1.0,0.0,1,1,1,1,0,1,1,1,1,0,1,1,0,0,5119.2
189000.0,54.0,2.0,14.0,1.0,2.0,0.0,1,1,1,0,0,0,0,0,0,0,0,1,0,0,7284.3
495690.0,120.0,4.0,20.0,1.0,0.0,0.0,1,0,0,1,1,1,1,1,0,0,0,0,0,0,9702.2
134000.0,29.0,0.0,20.0,1.0,0.0,0.0,1,1,0,1,1,1,1,1,0,0,0,0,0,0,9702.2
304155.0,67.0,3.0,22.0,1.0,1.0,0.0,1,0,0,0,1,0,0,1,1,0,0,0,0,0,5229.8
378270.0,84.0,3.0,22.0,1.0,1.0,0.0,1,0,0,0,1,0,0,1,1,0,0,0,0,0,5229.8
278500.0,62.0,2.0,22.0,1.0,5.0,0.0,1,0,0,0,0,0,0,1,1,0,0,0,0,0,1995.7
340000.0,76.0,3.0,21.0,1.0,5.0,0.0,0,0,0,0,0,0,0,1,1,0,0,0,0,0,5229.8
259650.0,58.0,2.0,1.0,1.0,5.0,0.0,0,0,0,0,0,0,0,1,1,0,0,0,0,0,5229.8
433200.0,96.0,3.0,21.0,1.0,1.0,0.0,0,0,0,0,0,0,0,1,0,0,0,0,0,0,5229.8
295000.0,71.0,3.0,3.0,1.0,2.0,0.0,1,1,1,0,1,0,1,1,0,0,0,1,0,1,3474.2
105000.0,35.0,1.0,21.0,1.0,5.0,0.0,1,0,0,0,0,0,0,1,1,0,0,0,0,0,1881.1
242000.0,74.0,3.0,12.0,1.0,6.0,0.0,1,0,0,0,0,0,0,1,0,1,0,0,0,1,4616.5
167000.0,69.0,3.0,21.0,1.0,5.0,0.0,0,0,0,0,0,1,0,1,1,0,0,1,0,0,3920.5
140000.0,55.0,2.0,14.0,1.0,5.0,0.0,0,0,0,0,0,0,0,1,1,0,0,0,0,0,16348.6
312800.0,92.0,4.0,14.0,1.0,1.0,92.0,1,1,1,0,0,0,1,1,1,0,0,1,0,0,1464.2
121000.0,29.0,2.0,23.0,1.0,1.0,7.0,1,0,0,0,0,0,1,1,0,0,0,1,0,0,2482.9
285000.0,77.0,3.0,14.0,1.0,5.0,0.0,1,0,0,0,0,0,0,1,1,0,0,0,0,0,1470.1
161900.0,48.0,2.0,12.0,1.0,2.0,0.0,1,1,1,0,1,1,1,1,0,0,0,0,0,0,9823.6
142900.0,43.0,2.0,12.0,1.0,2.0,0.0,1,1,1,0,1,1,1,1,0,0,0,0,0,0,14685.1
152900.0,43.0,2.0,12.0,1.0,2.0,0.0,1,1,1,0,0,0,0,1,0,0,0,0,0,0,9823.6
225000.0,54.0,2.0,16.0,1.0,2.0,4.0,1,1,1,0,1,0,1,1,0,0,0,1,0,0,3474.2
499000.0,84.0,3.0,17.0,1.0,1.0,3.0,1,1,1,0,1,0,1,1,1,1,0,1,0,0,1739.6
148959.0,45.0,2.0,1.0,1.0,6.0,0.0,1,1,1,0,1,0,0,0,0,0,0,0,0,0,12520.3
140183.0,39.0,2.0,15.0,1.0,6.0,0.0,1,1,1,1,1,0,1,0,0,0,0,0,0,0,12520.3
245000.0,54.0,3.0,12.0,1.0,2.0,2.0,1,1,1,0,1,0,1,1,0,0,1,1,0,1,3850.8
376000.0,94.0,4.0,1.0,1.0,2.0,10.0,0,1,1,0,0,0,0,1,0,0,0,1,0,0,2611.8
155000.0,40.0,2.0,23.0,1.0,1.0,0.0,0,0,0,0,0,0,0,0,0,0,0,0,0,0,3772.1
235000.0,65.0,3.0,3.0,1.0,2.0,4.5,0,0,0,0,0,0,0,0,0,0,0,0,0,1,8085.7
309000.0,76.0,3.0,21.0,1.0,1.0,0.0,0,1,1,0,0,0,1,1,1,1,0,0,0,1,1881.1
310000.0,98.0,3.0,15.0,1.0,4.0,0.0,1,1,1,0,0,0,1,1,0,1,0,1,0,0,2138.1
224000.0,69.0,3.0,16.0,1.0,4.0,0.0,0,0,1,0,1,0,0,0,0,1,0,1,0,0,8976.7
315374.0,71.88,3.0,2.0,1.0,2.0,5.5,1,1,1,1,1,1,1,1,0,0,1,0,1,0,14921.3
399000.0,95.0,3.0,12.0,1.0,5.0,0.0,1,0,0,1,0,0,0,0,1,0,1,0,1,1,1712.2
179738.0,69.13,3.0,1.0,1.0,5.0,0.0,1,1,1,1,1,1,1,0,1,0,0,0,0,0,15860.2
170768.0,65.58,3.0,14.0,1.0,5.0,0.0,1,1,1,1,1,1,1,0,1,0,0,0,0,0,15860.2
188700.0,74.0,3.0,23.0,1.0,5.0,0.0,1,1,1,0,0,0,1,1,1,0,0,0,0,0,1225.5
220000.0,55.0,2.0,1.0,1.0,6.0,0.0,1,1,1,0,1,0,1,1,0,1,0,0,0,0,9701.7
150000.0,42.0,2.0,16.0,1.0,2.0,0.0,1,1,1,0,1,1,1,1,0,0,0,0,0,0,14685.1
111000.0,33.0,0.0,23.0,1.0,2.0,0.0,1,1,1,0,0,0,0,1,0,0,0,0,0,0,9072.0
227833.0,66.0,3.0,1.0,1.0,6.0,0.0,1,1,1,0,1,1,1,0,0,0,0,0,0,0,12520.3
368035.0,98.0,4.0,1.0,1.0,6.0,0.0,1,1,1,1,1,1,1,0,0,0,0,1,0,0,12520.3
140000.0,57.0,3.0,21.0,1.0,1.0,0.0,0,1,1,0,0,0,1,1,1,0,0,1,0,1,4340.9
170000.0,52.0,2.0,1.0,1.0,6.0,0.0,0,1,1,0,0,0,1,1,1,0,0,0,0,0,11394.5
490000.0,97.0,4.0,7.0,1.0,2.0,0.0,1,1,1,0,1,1,0,1,0,0,1,0,0,0,4542.2
238000.0,74.0,3.0,12.0,1.0,4.0,0.0,1,1,1,0,0,0,1,1,0,0,0,0,0,1,4616.5
221000.0,88.0,3.0,15.0,1.0,2.0,0.0,1,1,1,1,0,0,1,1,0,0,0,0,0,1,9462.0
325000.0,72.0,4.0,16.0,1.0,6.0,0.0,1,1,1,0,0,0,1,1,1,0,0,0,0,0,2517.0
350000.0,84.0,4.0,15.0,1.0,2.0,0.0,1,1,1,0,0,0,1,1,0,0,0,0,0,0,11482.8
245000.0,77.0,3.0,12.0,1.0,1.0,0.0,1,1,1,0,0,0,1,1,1,0,0,1,0,0,11591.3
506601.0,123.0,4.0,1.0,1.0,6.0,0.0,1,1,1,1,0,1,1,1,0,0,1,1,1,0,6923.4
420000.0,90.0,2.0,21.0,1.0,2.0,0.0,0,1,1,0,0,0,1,1,0,0,0,0,0,0,3250.5
550000.0,100.0,4.0,23.0,1.0,5.0,0.0,1,0,0,1,0,0,0,1,1,0,0,0,0,1,862.0
255150.0,85.0,3.0,15.0,1.0,5.0,0.0,1,0,0,1,0,1,0,1,1,0,0,1,0,0,10246.9
212240.0,75.8,3.0,21.0,1.0,1.0,0.0,1,0,0,1,1,1,0,0,1,0,0,0,0,0,10246.9
1150000.0,1132.0,5.0,14.0,1.0,4.0,0.0,0,0,0,0,0,1,0,1,0,0,0,0,0,0,12668.5
203339.0,67.78,3.0,14.0,1.0,1.0,28.83,1,0,0,1,1,1,1,0,1,0,0,0,0,0,10246.9
85032.0,35.0,1.0,1.0,1.0,2.0,0.0,1,1,1,1,1,1,1,0,0,1,1,1,1,0,54318.9
750000.0,414.0,5.0,12.0,1.0,1.0,30.0,0,0,0,0,0,0,0,1,1,0,0,1,0,0,13455.3
200000.0,55.0,1.5,20.0,1.0,0.0,4.0,1,1,1,0,1,1,1,1,0,0,0,1,0,0,11864.1
281248.0,54.04,3.0,1.0,1.0,6.0,4.0,1,1,1,0,1,1,1,0,0,0,0,0,0,0,9407.5
189140.0,54.04,2.0,12.0,1.0,6.0,3.0,1,1,1,0,1,1,0,0,0,0,0,0,0,0,9407.5
303367.0,73.2,3.0,12.0,1.0,6.0,4.0,1,1,1,1,0,0,1,1,0,0,0,1,0,0,1057.9
165000.0,67.0,3.0,14.0,1.0,1.0,5.0,1,0,0,0,0,0,1,1,1,1,0,0,0,0,4824.8
167000.0,69.3,3.0,21.0,1.0,5.0,0.0,0,1,1,0,0,1,1,1,1,0,0,1,0,1,3920.5
199025.0,92.57,3.0,12.0,1.0,6.0,0.0,1,1,1,0,0,0,0,1,0,0,0,1,0,0,13753.0
187000.0,72.0,3.0,17.0,1.0,2.0,0.0,0,0,0,0,1,0,0,1,1,0,0,1,0,0,8632.6
391000.0,78.0,3.0,23.0,1.0,4.0,0.0,0,1,1,1,1,1,1,1,0,0,0,1,0,0,3839.4
270000.0,67.0,3.0,12.0,1.0,2.0,2.0,0,0,0,0,0,0,0,1,0,0,0,0,0,0,5589.1
330000.0,86.0,3.0,22.0,1.0,1.0,0.0,1,1,1,0,0,0,1,1,1,1,0,0,0,1,1225.5
210000.0,76.0,2.0,1.0,1.0,6.0,8.0,1,1,1,0,0,0,1,1,1,1,0,1,0,0,5799.0
517400.0,129.0,5.0,14.0,1.0,1.0,35.0,1,1,1,1,0,1,1,1,1,0,1,1,0,0,5119.2
259000.0,63.0,3.0,16.0,1.0,6.0,3.0,1,1,1,0,1,0,1,1,0,1,0,1,0,0,3474.2
510000.0,98.0,3.0,18.0,1.0,0.0,7.0,1,1,1,1,1,0,1,1,1,1,0,1,1,1,4542.2
175000.0,38.0,3.0,21.0,1.0,4.0,0.0,0,1,1,0,0,0,1,1,0,0,0,1,0,0,309.4
245000.0,57.0,3.0,14.0,1.0,1.0,0.0,1,1,1,0,1,0,1,1,1,1,0,0,0,0,5799.0
350000.0,68.0,3.0,1.0,1.0,5.0,2.0,1,1,1,1,0,0,1,1,1,0,0,1,0,1,2228.2
320000.0,64.0,2.0,8.0,1.0,2.0,0.0,1,1,1,1,1,1,1,0,0,0,0,0,0,0,4542.2
75000.0,17.0,0.0,1.0,1.0,6.0,0.0,1,1,1,0,0,0,1,0,0,0,0,0,0,0,2380.4
154000.0,56.0,2.0,14.0,1.0,2.0,6.0,1,1,1,0,1,0,1,1,0,1,0,0,0,0,8997.8
175000.0,40.0,1.0,14.0,1.0,3.0,0.0,1,1,1,0,0,0,1,1,0,1,0,1,0,0,715.3
169900.0,76.0,3.0,14.0,1.0,2.0,4.0,0,1,1,0,0,0,1,1,0,1,0,1,0,0,8565.3
155000.0,56.0,2.0,23.0,1.0,6.0,0.0,1,1,1,0,0,0,1,1,1,1,0,1,0,1,8304.9
299000.0,87.0,3.0,21.0,1.0,4.0,2.0,0,1,1,0,0,0,1,1,0,1,0,0,0,0,2482.9
382000.0,82.0,2.0,1.0,1.0,2.0,0.0,1,0,0,1,1,1,0,1,0,0,0,0,0,0,14819.7
4600.0,68.0,2.0,10.0,1.0,2.0,0.0,0,0,0,0,0,0,0,0,0,0,0,0,0,0,4604.3
150000.0,57.0,3.0,12.0,1.0,6.0,0.0,0,0,1,0,0,0,1,1,1,1,0,1,0,0,2023.2
160000.0,49.0,2.0,20.0,1.0,5.0,0.0,1,1,1,1,1,0,1,1,1,0,1,1,0,0,8515.7
470000.0,86.0,4.0,12.0,1.0,1.0,0.0,1,1,1,1,0,0,1,1,1,0,0,0,0,0,2912.5
259000.0,73.0,3.0,23.0,1.0,6.0,0.0,0,1,1,0,0,0,1,1,1,1,0,1,0,0,2888.0
328755.0,94.0,3.0,19.0,1.0,6.0,6.0,1,1,1,1,1,1,1,1,0,0,0,1,0,0,11864.1
442650.0,113.0,4.0,14.0,1.0,6.0,6.0,1,1,1,1,1,1,1,1,0,0,0,1,0,0,11864.1
430272.0,120.0,4.0,18.0,1.0,6.0,13.94,1,1,1,1,1,1,1,1,0,0,1,1,0,0,11864.1
351624.0,90.0,4.0,2.0,1.0,6.0,6.0,1,1,1,1,1,1,1,1,0,0,1,1,0,0,11864.1
130000.0,58.0,2.0,15.0,1.0,1.0,4.0,1,0,0,0,0,0,0,1,1,1,0,1,0,0,21719.6
220000.0,51.83,3.0,22.0,1.0,6.0,5.09,1,1,1,0,1,1,1,1,0,0,0,1,0,0,38158.8
167000.0,69.0,3.0,21.0,1.0,1.0,0.0,1,1,1,0,0,0,1,1,1,0,0,0,0,1,3920.5
525395.0,80.0,3.0,12.0,1.0,5.0,0.0,1,1,1,1,1,1,1,1,1,0,0,0,0,0,1404.9
678999.0,123.0,4.0,1.0,1.0,1.0,10.0,1,1,1,1,1,0,1,1,1,1,0,0,0,1,16396.4
89000.0,33.0,1.0,12.0,1.0,6.0,0.0,1,1,1,0,0,0,1,1,1,1,0,0,0,1,6582.3
210000.0,84.0,2.0,14.0,1.0,6.0,20.0,1,1,1,1,1,1,1,1,0,0,1,1,1,1,14921.3
668800.0,152.0,5.0,23.0,1.0,1.0,60.0,1,1,1,1,0,1,1,1,1,1,1,1,1,1,4447.2
550000.0,100.0,4.0,23.0,1.0,1.0,0.0,1,1,1,0,0,0,1,1,1,0,0,0,1,1,862.0
380000.0,90.0,4.0,12.0,1.0,5.0,4.0,1,1,1,0,1,0,1,1,1,0,0,1,0,0,2977.3
231588.0,64.33,2.0,1.0,1.0,6.0,4.0,1,1,1,0,1,1,1,0,0,0,0,0,0,0,9407.5
169900.0,50.0,2.0,1.0,1.0,1.0,0.0,1,0,1,0,1,1,0,1,1,0,0,0,0,0,14685.1
155000.0,58.0,2.0,21.0,1.0,1.0,0.0,1,1,1,0,1,0,1,1,1,1,1,0,0,0,10072.2
278500.0,62.0,2.0,22.0,1.0,1.0,7.0,1,1,1,1,0,1,1,0,1,0,0,0,0,0,3763.5
160000.0,54.0,2.0,23.0,1.0,2.0,0.0,1,0,0,0,0,0,0,1,0,0,0,1,0,0,5364.6
199500.0,77.0,4.0,16.0,1.0,2.0,7.0,1,1,1,0,1,0,1,1,0,1,0,1,0,0,8348.3
433200.0,96.0,4.0,22.0,1.0,1.0,0.0,1,1,1,1,1,0,1,0,1,0,0,1,0,0,5229.8
231438.0,68.0,3.0,1.0,1.0,4.0,0.0,1,1,1,1,1,0,1,0,0,0,1,0,0,0,9970.4
378270.0,84.0,3.0,22.0,1.0,1.0,3.0,1,1,1,0,0,0,1,0,1,0,0,0,0,0,3763.5
225000.0,50.0,2.0,23.0,1.0,5.0,0.0,1,1,1,0,0,0,1,1,1,1,0,1,0,1,4392.9
205000.0,92.0,4.0,15.0,1.0,2.0,0.0,1,1,0,0,0,0,0,1,0,1,0,1,0,0,12074.9
301000.0,80.0,3.0,14.0,1.0,6.0,4.0,0,0,0,0,0,0,0,1,0,0,0,0,0,0,862.0
284999.0,61.0,3.0,14.0,1.0,4.0,0.0,0,0,0,0,0,0,0,1,0,0,0,0,0,0,1465.2
235000.0,85.0,3.0,16.0,1.0,1.0,2.0,1,1,1,1,0,0,1,1,1,1,0,1,0,0,4392.9
125000.0,75.0,4.0,14.0,1.0,4.0,5.0,0,1,1,0,0,1,1,1,1,1,0,1,0,0,4759.7
150000.0,52.0,2.0,15.0,1.0,5.0,0.0,0,1,1,1,1,0,1,0,1,0,0,0,0,0,9588.6
165000.0,76.0,3.0,21.0,1.0,2.0,0.0,1,1,1,0,0,0,1,1,0,0,0,0,0,0,15860.2
140000.0,55.0,3.0,16.0,1.0,5.0,0.0,0,1,1,0,0,0,1,1,1,0,0,0,0,0,16348.6
168000.0,35.0,0.0,23.0,1.0,5.0,0.0,1,1,1,0,0,1,1,1,1,0,0,1,0,0,1665.0
198066.0,60.0,3.0,1.0,1.0,4.0,0.0,1,1,1,1,1,1,0,0,0,0,1,0,0,0,9970.4
266839.0,54.68,1.0,15.0,1.0,6.0,0.0,0,0,1,1,1,1,1,1,0,0,0,0,0,0,13455.3
136945.0,44.0,2.0,23.0,1.0,4.0,0.0,1,1,1,1,1,0,1,0,0,0,1,0,0,0,9970.4
210000.0,57.0,3.0,19.0,1.0,2.0,0.0,1,1,1,1,1,0,0,1,0,0,0,0,0,0,5461.8
262452.0,76.04,4.0,1.0,1.0,4.0,0.0,1,1,1,0,1,1,0,0,0,0,0,0,0,0,12520.3
269999.0,69.0,3.0,12.0,1.0,2.0,0.0,1,1,1,0,0,0,0,1,0,0,0,0,0,0,3470.0
197152.0,62.0,2.0,1.0,1.0,4.0,0.0,1,1,1,1,1,1,0,0,0,0,1,0,0,0,9970.4
654709.0,160.0,4.0,1.0,1.0,6.0,62.26,1,1,1,1,0,1,1,0,0,0,1,1,0,0,6923.4
473000.0,125.0,4.0,17.0,1.0,1.0,40.0,1,1,1,1,1,0,1,1,1,0,1,1,0,0,10563.1
69900.0,30.0,0.0,15.0,1.0,5.0,2.0,0,1,1,0,0,0,1,1,1,1,0,0,0,0,2988.1
750000.0,131.0,4.0,1.0,1.0,0.0,75.0,1,1,1,1,1,1,1,1,1,0,1,1,1,0,965.1
306000.0,68.0,3.0,14.0,1.0,2.0,5.0,1,1,1,1,1,1,1,1,0,0,0,0,1,0,6243.2
429000.0,102.0,5.0,12.0,1.0,5.0,0.0,1,1,1,0,0,0,1,0,1,0,0,0,0,0,1091.3
220000.0,76.0,4.0,13.0,1.0,2.0,0.0,1,1,1,1,1,0,1,1,0,0,0,0,0,1,4556.0
172700.0,80.0,3.0,1.0,1.0,6.0,0.0,1,1,1,0,0,0,0,1,0,0,0,0,0,0,13753.0
195000.0,59.0,2.0,23.0,1.0,6.0,3.0,1,1,1,0,0,0,1,1,1,1,0,1,0,1,5237.6
163806.0,47.0,2.0,1.0,1.0,4.0,0.0,1,1,1,1,1,0,1,0,0,0,1,0,0,0,9970.4
400000.0,120.0,4.0,23.0,1.0,2.0,5.0,1,1,1,1,0,0,1,1,1,1,0,1,1,1,4716.1
299000.0,82.0,3.0,1.0,1.0,1.0,4.0,1,1,1,1,0,0,1,1,1,1,0,1,0,1,3772.1
345000.0,80.0,4.0,16.0,1.0,2.0,0.0,1,1,1,0,1,0,1,1,0,0,0,0,0,0,3834.8
265000.0,75.0,4.0,15.0,1.0,5.0,4.0,1,1,1,1,0,0,1,1,1,0,0,1,0,1,2718.8
172000.0,59.0,2.0,12.0,1.0,2.0,0.0,0,0,0,0,1,0,0,1,0,1,0,0,0,0,7316.8
360000.0,103.0,3.0,1.0,1.0,6.0,15.0,1,1,1,1,0,0,1,1,0,1,0,1,0,0,1665.0
329000.0,95.0,4.0,14.0,1.0,1.0,0.0,1,1,1,0,0,0,1,0,1,0,0,0,0,0,265.1
410000.0,111.0,5.0,16.0,1.0,2.0,4.0,0,0,0,0,0,0,0,1,0,0,0,0,0,0,2752.5
360000.0,131.0,4.0,1.0,1.0,1.0,39.0,1,1,1,0,1,1,1,1,1,0,1,0,1,0,8867.2
320000.0,68.0,3.0,16.0,1.0,2.0,0.0,1,1,1,0,1,0,1,1,0,1,0,0,0,1,5019.9
268000.0,66.0,3.0,12.0,1.0,5.0,0.0,1,1,1,0,0,0,1,0,1,0,0,0,0,0,5541.3
219000.0,77.0,3.0,4.0,1.0,2.0,4.46,1,1,1,0,1,0,1,1,0,1,0,1,0,0,6023.9
165000.0,76.0,3.0,21.0,1.0,1.0,0.0,1,1,0,0,1,0,1,1,0,0,0,1,0,0,15860.2
460000.0,97.0,4.0,7.0,1.0,2.0,0.0,1,1,1,0,1,1,0,1,0,0,1,0,1,0,4542.2
499000.0,84.0,4.0,17.0,1.0,2.0,5.0,1,1,1,0,1,0,1,1,0,0,0,1,0,0,1739.6
195000.0,57.0,2.0,1.0,1.0,2.0,5.0,1,0,1,1,1,0,1,1,0,1,0,1,0,1,8303.5
621000.0,138.0,4.0,1.0,1.0,2.0,24.0,1,1,1,1,1,0,1,1,0,0,0,1,0,1,3250.5
145000.0,39.0,1.0,23.0,1.0,1.0,0.0,1,1,1,0,0,0,0,1,1,1,0,1,0,0,4129.3
329000.0,94.0,3.0,20.0,1.0,4.0,4.0,1,0,0,1,1,1,1,1,0,0,1,1,0,0,11864.1
260000.0,76.2,3.0,16.0,1.0,5.0,0.0,0,1,1,1,1,0,1,1,1,0,1,1,0,0,9733.5
385950.0,83.0,3.0,1.0,1.0,6.0,0.0,1,1,0,1,1,1,1,1,1,0,1,0,0,0,14819.7
190000.0,77.0,4.0,4.0,1.0,2.0,4.0,0,1,1,0,1,0,1,1,0,1,1,1,0,0,8447.2
189000.0,61.0,3.0,23.0,1.0,2.0,4.0,1,0,0,0,1,0,1,1,0,1,0,0,0,0,8497.1
450000.0,91.0,4.0,1.0,1.0,2.0,7.0,1,0,1,0,0,0,1,1,0,0,0,1,0,0,3812.8
251265.0,71.0,3.0,1.0,1.0,5.0,0.0,1,0,1,1,1,0,0,0,1,0,0,1,0,0,8304.9
269000.0,106.0,4.0,16.0,1.0,1.0,0.0,1,1,1,0,0,0,1,1,1,0,0,0,0,0,4392.9
180513.0,52.0,3.0,1.0,1.0,4.0,0.0,1,0,1,0,1,0,1,0,0,0,0,1,0,0,12520.3
434500.0,78.0,3.0,21.0,1.0,2.0,0.0,1,1,1,0,1,1,1,1,0,0,0,0,0,1,3470.0
500000.0,83.0,4.0,23.0,1.0,2.0,0.0,1,1,1,0,1,1,0,1,0,0,0,0,0,1,3470.0
185000.0,66.0,3.0,12.0,1.0,2.0,2.0,0,0,0,0,0,0,0,1,0,1,0,0,0,0,10840.3
170000.0,50.0,2.0,15.0,1.0,2.0,0.0,0,0,0,0,1,0,0,0,0,0,0,0,0,0,6023.9
320000.0,74.0,3.0,15.0,1.0,0.0,0.0,0,0,1,0,0,0,1,1,0,0,0,0,0,0,963.7
199000.0,54.0,2.0,23.0,1.0,5.0,0.0,1,0,0,0,0,0,0,1,1,1,0,0,0,0,2790.0
180000.0,45.0,2.0,10.0,1.0,2.0,0.0,1,1,1,0,1,0,1,1,0,0,1,0,1,0,4830.0
259000.0,83.0,3.0,15.0,1.0,5.0,0.0,0,0,0,0,1,0,0,0,1,0,0,0,0,0,5340.3
95000.0,34.0,1.0,17.0,1.0,6.0,0.0,1,0,0,0,1,1,1,1,0,0,1,1,1,0,11279.9
319362.0,94.0,3.0,19.0,1.0,0.0,3.0,1,1,1,0,1,1,1,1,0,0,1,0,1,0,11864.1
515000.0,82.0,3.0,22.0,1.0,6.0,9.0,1,0,0,1,0,1,0,0,0,0,0,1,0,0,852.5
276570.0,79.0,3.0,15.0,1.0,0.0,3.0,1,1,1,1,1,1,1,1,0,0,1,1,1,0,11864.1
361625.0,120.0,4.0,1.0,1.0,5.0,40.0,1,1,1,0,0,1,1,1,1,0,0,0,0,0,8054.0
271120.0,68.0,3.0,12.0,1.0,1.0,0.0,1,1,1,1,0,1,1,0,1,0,1,0,0,0,2305.2
203920.0,50.98,2.0,16.0,1.0,5.0,0.0,1,1,1,1,1,1,1,0,1,1,0,0,0,0,9733.5
215240.0,54.0,3.0,1.0,1.0,5.0,0.0,1,0,0,1,1,1,0,1,1,0,0,0,0,0,9733.5
249000.0,80.0,3.0,21.0,1.0,1.0,0.0,0,1,1,0,0,0,0,0,1,0,0,0,0,0,3028.0
159000.0,46.0,3.0,21.0,1.0,5.0,0.0,1,1,1,0,0,0,1,0,1,0,0,0,0,0,1881.1
350000.0,133.0,4.0,21.0,1.0,4.0,0.0,0,0,0,0,1,0,0,1,0,0,0,0,0,0,1526.7
189066.0,51.3,2.0,1.0,1.0,4.0,0.0,1,1,1,0,1,1,1,0,0,0,0,0,0,0,9407.5
149725.0,38.2,2.0,1.0,1.0,2.0,0.0,1,1,1,0,1,1,1,1,0,0,1,0,1,0,6946.8
255552.0,65.2,2.0,16.0,1.0,2.0,8.7,1,1,1,0,1,1,1,1,0,0,1,1,1,0,6946.8
195068.0,51.3,2.0,15.0,1.0,2.0,6.0,1,1,1,0,1,1,1,1,0,0,1,1,1,0,6946.8
146762.0,37.0,0.0,15.0,1.0,2.0,0.0,1,1,1,0,1,1,1,1,0,0,1,0,1,0,6946.8
186065.0,51.3,2.0,12.0,1.0,2.0,7.6,1,1,1,0,1,1,1,1,0,0,1,1,1,0,6946.8
218673.0,62.3,2.0,21.0,1.0,2.0,10.0,1,1,1,0,1,1,1,1,0,0,1,1,1,0,6946.8
393822.0,110.2,3.0,21.0,1.0,2.0,16.4,1,1,1,0,1,1,1,1,0,0,1,1,1,0,6946.8
227389.0,59.8,2.0,14.0,1.0,2.0,8.0,1,1,1,0,1,1,1,1,0,0,1,0,1,0,6946.8
252866.0,66.5,3.0,12.0,1.0,4.0,0.0,1,1,1,0,0,1,0,0,0,0,0,0,0,0,9407.5
294800.0,65.0,3.0,22.0,1.0,1.0,5.0,1,1,1,1,1,1,1,1,1,1,1,0,1,1,3763.5
253880.0,56.0,2.0,1.0,1.0,1.0,4.0,1,1,1,1,1,1,1,1,1,0,1,0,1,1,3763.5
312945.0,82.3,4.0,14.0,1.0,2.0,0.0,1,1,1,0,1,1,1,1,0,0,1,0,1,0,6946.8
199025.0,92.6,3.0,1.0,1.0,6.0,9.0,1,0,0,0,0,0,0,1,0,0,0,1,0,0,13753.0
383327.0,97.8,4.0,16.0,1.0,2.0,14.8,1,1,1,0,1,1,1,1,0,0,1,1,1,0,6946.8
254978.0,70.3,3.0,12.0,1.0,2.0,7.6,1,1,1,0,1,1,1,1,0,0,1,1,1,0,6946.8
187083.0,53.2,2.0,1.0,1.0,2.0,0.0,1,1,1,0,1,1,1,1,0,0,1,0,1,0,6946.8
269560.0,67.0,4.0,1.0,1.0,5.0,0.0,1,0,0,0,1,1,0,1,1,0,0,0,0,0,9733.5
350000.0,90.0,3.0,15.0,1.0,1.0,0.0,1,1,1,1,0,0,1,1,1,1,0,1,0,1,332.9
209000.0,93.0,3.0,14.0,1.0,1.0,10.0,0,0,0,0,0,0,0,1,1,0,0,0,0,0,8304.9
179000.0,85.0,4.0,14.0,1.0,0.0,5.0,0,0,0,0,0,0,1,1,0,1,0,0,0,0,9321.8
432000.0,96.0,3.0,1.0,1.0,1.0,13.0,1,1,1,1,1,1,1,1,1,0,1,1,1,1,3763.5
378000.0,84.0,3.0,22.0,1.0,1.0,6.0,1,1,1,1,1,1,1,1,1,1,1,1,1,1,3763.5
337500.0,75.0,3.0,1.0,1.0,1.0,4.0,1,1,1,1,1,1,1,1,1,1,1,0,1,1,3763.5
149000.0,53.0,2.0,22.0,1.0,1.0,0.0,1,0,0,0,0,0,1,1,1,0,0,0,0,0,1823.7
409000.0,99.0,4.0,12.0,1.0,1.0,0.0,0,1,1,1,0,0,1,1,1,1,0,0,0,0,1539.6
548000.0,137.0,4.0,14.0,1.0,5.0,0.0,0,0,0,0,0,0,1,1,0,0,0,1,0,0,1708.7
175000.0,69.0,3.0,20.0,1.0,1.0,0.0,1,1,1,0,1,0,1,1,0,1,0,1,0,0,7060.0
435000.0,82.0,3.0,1.0,1.0,0.0,0.0,1,1,1,1,1,1,1,1,0,0,0,0,0,0,3663.5
94000.0,42.0,2.0,21.0,1.0,4.0,0.0,0,0,0,0,0,0,0,1,0,0,0,1,0,0,4340.9
209000.0,56.0,3.0,1.0,1.0,0.0,40.0,1,1,1,1,0,0,1,1,0,1,0,1,0,0,1540.6
180000.0,76.0,3.0,0.0,1.0,0.0,0.0,0,0,0,0,1,0,1,0,0,1,0,1,0,0,8565.3
345000.0,86.0,3.0,12.0,1.0,5.0,0.0,0,1,1,0,0,0,1,1,1,1,0,1,0,0,1467.1
265000.0,73.0,3.0,23.0,1.0,5.0,0.0,0,1,1,0,0,0,1,1,1,1,0,1,0,0,2888.0
405000.0,90.0,3.0,21.0,1.0,1.0,34.0,1,1,1,1,1,1,1,1,1,0,0,0,0,0,3751.6
420000.0,119.0,4.0,4.0,1.0,0.0,7.0,1,1,1,1,1,1,1,1,0,0,1,1,1,0,11864.1
217800.0,54.0,3.0,14.0,1.0,5.0,3.0,1,1,1,0,1,1,0,0,1,0,0,0,0,0,9733.5
70000.0,24.0,0.0,14.0,1.0,2.0,0.0,0,0,0,0,0,0,0,0,0,0,0,0,0,0,7030.6
512750.0,92.0,4.0,22.0,1.0,1.0,62.0,1,1,1,1,1,1,1,0,1,0,1,0,0,0,3751.6
323352.0,89.0,3.0,4.0,1.0,0.0,3.0,1,1,1,1,1,1,1,1,0,0,1,1,1,0,11864.1
261000.0,90.0,3.0,21.0,1.0,1.0,5.0,0,0,0,0,0,0,0,1,1,1,0,1,0,1,2161.7
160000.0,50.0,2.0,20.0,1.0,0.0,5.0,1,0,0,1,1,1,1,1,0,0,1,1,1,0,9132.0
138600.0,66.0,3.0,15.0,1.0,2.0,9.0,1,1,1,0,1,1,1,0,0,0,1,0,1,0,54318.9
69000.0,36.0,0.0,16.0,1.0,0.0,0.0,1,1,1,0,1,1,1,1,0,1,1,0,1,0,17268.4
205000.0,55.0,1.5,15.0,1.0,6.0,4.0,1,1,1,1,1,1,1,1,0,0,1,1,1,0,11864.1
166980.0,73.5,3.0,12.0,1.0,4.0,5.0,0,0,0,0,0,1,0,0,0,0,0,0,0,0,13134.7
131600.0,46.0,2.0,1.0,1.0,0.0,4.0,1,1,1,1,1,1,1,1,0,0,1,0,0,0,15860.2
160000.0,40.0,1.0,22.0,1.0,1.0,0.0,1,0,0,0,0,0,0,1,1,0,0,0,0,0,2143.7
108000.0,40.0,1.0,12.0,1.0,1.0,0.0,1,0,0,1,1,1,0,0,0,0,0,0,0,0,10487.4
139900.0,31.0,0.0,21.0,1.0,1.0,0.0,1,1,1,0,0,0,1,1,1,0,0,0,1,0,4353.9
419860.0,120.0,4.0,4.0,1.0,4.0,0.0,1,1,1,0,1,1,0,0,0,0,0,0,0,0,12243.8
296750.0,83.0,2.0,21.0,1.0,1.0,12.0,1,1,1,1,1,1,1,0,1,0,1,0,0,0,3751.6
359950.0,72.0,3.0,3.0,1.0,2.0,4.0,1,1,1,0,1,1,1,1,0,0,1,0,1,0,4542.2
343100.0,68.62,1.5,3.0,1.0,2.0,4.0,1,1,1,0,1,1,0,1,0,0,1,0,0,0,4542.2
625000.0,120.0,4.0,12.0,1.0,6.0,7.0,1,0,0,1,0,1,0,1,0,0,0,1,0,0,852.5
179000.0,71.0,3.0,15.0,1.0,1.0,3.0,1,1,0,0,0,0,1,1,1,0,0,0,0,0,11279.9
350000.0,62.0,2.0,13.0,1.0,2.0,4.0,1,0,0,0,1,1,0,0,0,0,0,0,0,0,4542.2
210000.0,65.0,3.0,14.0,1.0,2.0,10.0,0,1,1,1,0,0,1,1,0,0,0,1,0,0,2152.9
418000.0,119.5,4.0,4.0,1.0,4.0,0.0,1,0,0,0,1,1,0,1,0,0,1,0,0,0,11864.1
448494.0,132.0,4.0,1.0,1.0,1.0,5.0,1,1,1,1,1,1,1,1,0,0,1,0,1,0,12003.1
428125.0,126.0,4.0,1.0,1.0,1.0,4.0,1,1,0,1,1,1,1,1,0,0,1,0,1,0,12003.1
258000.0,73.0,3.0,21.0,1.0,6.0,0.0,0,1,1,0,0,0,1,1,0,1,0,0,0,0,2888.0
155000.0,53.0,2.0,14.0,1.0,2.0,0.0,1,1,1,0,0,0,1,1,0,0,0,0,0,0,3470.0
210000.0,76.0,2.0,1.0,1.0,6.0,7.0,1,1,1,0,0,0,1,1,1,1,0,0,0,1,5799.0
309000.0,77.0,3.0,21.0,1.0,1.0,0.0,1,1,1,1,0,0,1,1,1,1,0,1,0,1,1881.1
250000.0,64.0,3.0,23.0,1.0,1.0,3.0,0,0,1,0,0,0,1,1,1,0,0,1,0,0,111.0
251680.0,62.0,3.0,1.0,1.0,0.0,0.0,1,0,0,1,0,0,0,1,1,0,0,0,0,0,5119.2
207000.0,73.0,3.0,15.0,1.0,2.0,3.0,1,1,1,0,0,0,1,1,0,1,0,1,0,1,9691.1
125000.0,37.0,1.0,14.0,1.0,2.0,5.0,1,1,1,1,0,0,1,1,1,1,0,0,0,1,9317.9
450000.0,76.0,4.0,1.0,1.0,2.0,8.0,0,0,0,0,0,0,0,1,0,0,0,0,0,0,3400.3
217000.0,81.0,3.0,21.0,1.0,5.0,12.0,0,0,0,0,0,1,1,1,1,0,0,1,0,1,12378.6
167000.0,69.3,3.0,21.0,1.0,1.0,0.0,0,0,1,0,0,1,1,1,1,0,0,0,0,1,3920.5
260000.0,72.0,3.0,1.0,1.0,2.0,0.0,1,1,1,0,0,1,1,0,0,0,1,0,1,0,2228.2
269000.0,101.0,3.0,12.0,1.0,1.0,0.0,1,1,1,0,0,0,1,1,1,1,0,1,0,0,715.3
170000.0,70.0,3.0,1.0,1.0,1.0,5.0,1,1,1,0,0,0,0,1,1,0,0,1,0,0,8304.9
220000.0,62.0,2.0,21.0,1.0,2.0,0.0,1,1,1,0,0,1,1,1,1,0,1,1,1,0,2228.2
122400.0,68.0,3.0,1.0,1.0,5.0,0.0,1,0,0,0,0,1,0,1,1,0,0,0,0,0,12970.0
210000.0,70.0,3.0,21.0,1.0,1.0,0.0,0,0,0,0,0,0,0,1,1,0,0,0,0,0,1828.1
448800.0,78.0,3.0,1.0,1.0,6.0,6.0,1,0,0,1,0,1,0,1,0,0,0,1,0,0,852.5
67000.0,24.0,0.0,15.0,1.0,2.0,0.0,0,0,0,0,0,0,0,0,0,0,0,0,0,0,7030.6
350000.0,68.0,3.0,1.0,1.0,1.0,2.0,1,1,1,0,0,0,1,1,1,0,0,0,0,0,9157.2
350000.0,93.0,4.0,1.0,1.0,1.0,0.0,1,1,1,1,0,0,0,1,1,1,0,1,0,0,9969.4
600000.0,149.0,4.0,14.0,1.0,2.0,0.0,1,1,1,0,0,1,1,0,0,0,1,0,1,0,2228.2
320000.0,79.0,3.0,12.0,1.0,2.0,0.0,1,1,1,0,0,1,1,0,0,0,1,0,1,0,2228.2
198000.0,66.0,2.0,14.0,1.0,5.0,4.0,1,1,1,0,1,0,1,1,1,1,0,0,0,0,10072.2
269000.0,61.0,1.0,12.0,1.0,5.0,0.0,1,0,0,0,0,0,0,1,1,0,0,1,0,0,603.4
380000.0,81.0,3.0,14.0,1.0,1.0,4.0,1,1,1,1,0,0,1,1,1,1,0,1,0,0,919.2
195000.0,77.0,3.0,15.0,1.0,2.0,0.0,1,1,1,0,0,0,1,1,1,0,0,1,0,1,9462.0
353000.0,98.0,3.0,14.0,1.0,1.0,1.0,1,1,1,1,0,0,1,1,1,1,0,1,0,1,4616.5
522000.0,95.0,3.0,13.0,1.0,2.0,0.0,1,1,1,0,1,1,1,1,0,0,0,1,0,0,4542.2
600000.0,141.0,5.0,12.0,1.0,1.0,16.0,1,1,1,1,0,0,1,1,1,1,0,0,0,0,2611.8
340000.0,80.0,4.0,12.0,1.0,1.0,4.0,0,1,1,1,0,0,0,1,1,0,0,0,0,1,1998.2
345000.0,67.0,3.0,1.0,1.0,1.0,4.0,1,1,1,0,0,0,1,1,1,0,1,1,1,1,9157.2
185000.0,75.0,3.0,15.0,1.0,2.0,5.0,1,1,1,0,0,0,1,1,0,1,0,0,0,0,8947.9
375000.0,72.0,3.0,1.0,1.0,1.0,4.0,1,1,1,1,0,0,1,1,0,0,0,0,0,1,2742.6
230000.0,65.0,3.0,15.0,1.0,5.0,9.0,0,1,1,1,0,0,1,1,0,1,0,0,0,0,1708.7
299900.0,82.0,3.0,1.0,1.0,2.0,5.0,0,1,1,1,0,0,1,1,0,0,0,0,0,1,3772.1
249000.0,90.0,2.0,23.0,1.0,1.0,0.0,0,1,1,0,0,0,1,1,0,0,0,0,0,0,1585.6
240000.0,90.0,3.0,14.0,1.0,6.0,0.0,0,0,0,0,0,0,0,1,1,0,0,0,0,0,1956.8
184977.0,68.0,3.0,19.0,1.0,5.0,5.0,1,1,1,0,1,1,0,1,1,1,0,0,0,0,7525.5
170000.0,89.0,4.0,15.0,1.0,1.0,0.0,0,0,0,0,0,0,0,1,0,0,0,1,0,0,8565.3
650000.0,120.0,4.0,12.0,1.0,1.0,0.0,1,1,1,1,1,0,0,1,0,1,0,0,0,0,1873.9
120000.0,83.0,3.0,22.0,1.0,2.0,5.0,1,1,1,0,0,0,1,1,1,1,0,1,0,1,8892.6
145000.0,55.0,2.0,21.0,1.0,2.0,2.0,1,0,0,0,0,0,0,1,0,0,0,0,0,1,9691.1
149000.0,89.0,3.0,16.0,1.0,6.0,5.0,1,0,0,0,0,0,0,1,0,0,0,1,0,0,8947.9
200000.0,56.0,2.0,15.0,1.0,2.0,0.0,1,1,1,0,1,1,1,1,0,1,0,0,0,1,9072.0
198000.0,66.0,3.0,1.0,1.0,4.0,0.0,0,0,0,0,0,0,0,1,0,0,0,0,0,0,731.2
120000.0,42.0,2.0,14.0,1.0,5.0,0.0,1,0,1,0,1,0,1,1,0,0,1,0,0,0,10646.9
312000.0,87.0,4.0,15.0,1.0,2.0,4.0,1,1,1,0,0,0,1,1,0,1,0,1,0,0,9107.6
349000.0,112.0,4.0,16.0,1.0,5.0,10.0,1,1,1,1,0,0,1,1,1,0,0,0,0,0,2865.5
250000.0,112.0,5.0,14.0,1.0,2.0,3.0,0,1,1,0,0,0,1,1,0,1,0,1,0,0,7834.3
200000.0,64.0,2.0,23.0,1.0,2.0,3.0,1,1,1,0,1,0,1,1,0,1,0,1,0,0,8400.0
73000.0,24.0,0.0,14.0,1.0,2.0,0.0,1,0,0,0,0,0,1,1,0,0,0,0,0,1,7030.6
417000.0,72.0,3.0,1.0,1.0,4.0,1.0,1,1,1,1,1,1,1,1,0,1,1,1,1,0,3678.9
365000.0,120.0,5.0,19.0,1.0,1.0,0.0,0,0,0,0,0,0,0,1,0,0,0,0,0,0,10072.2
275000.0,73.0,3.0,21.0,1.0,6.0,0.0,0,1,1,0,0,0,1,1,0,1,0,1,0,0,2888.0
99000.0,33.0,1.0,1.0,1.0,1.0,0.0,1,0,0,0,0,0,0,1,1,0,0,1,0,1,1347.1
170000.0,60.0,3.0,14.0,1.0,5.0,5.0,0,1,1,1,0,0,1,1,1,1,0,0,0,0,10487.4
199000.0,38.0,3.0,16.0,1.0,3.0,0.0,1,1,1,0,0,0,1,1,1,1,1,1,0,0,2522.5
331000.0,121.0,4.0,12.0,1.0,5.0,5.0,0,0,0,0,0,0,0,1,0,0,0,0,0,0,1318.9
260000.0,93.0,3.0,1.0,1.0,5.0,4.0,1,1,1,1,1,0,0,1,0,0,1,0,0,0,6518.8
133000.0,50.0,2.0,1.0,1.0,0.0,0.0,1,0,1,1,0,0,1,1,0,0,0,0,0,0,21719.6
200000.0,86.0,4.0,21.0,1.0,2.0,4.0,1,1,1,0,0,0,1,1,0,1,0,1,0,0,9317.9
882000.0,196.0,4.0,5.0,1.0,2.0,15.0,1,1,1,0,1,1,1,1,0,0,0,1,0,1,5689.0
806000.0,124.0,4.0,1.0,1.0,5.0,8.0,1,1,1,1,1,0,1,1,1,0,0,0,1,1,2153.7
150000.0,63.0,3.0,16.0,1.0,5.0,6.0,0,0,0,0,0,1,0,1,1,0,0,0,0,0,9395.8
95226.0,27.0,1.0,1.0,1.0,1.0,0.0,1,1,1,1,0,1,0,1,1,1,0,1,1,0,1375.1
295000.0,68.0,3.0,1.0,1.0,1.0,0.0,0,0,0,0,0,0,0,1,0,1,0,0,0,0,1121.2
449000.0,119.0,3.0,14.0,1.0,5.0,6.0,0,0,0,0,0,0,0,1,1,0,0,0,0,0,16396.4
93000.0,33.0,0.0,9.0,1.0,2.0,0.0,0,0,0,0,0,0,0,1,0,0,0,0,0,0,7316.8
475000.0,100.0,4.0,12.0,1.0,1.0,2.0,1,1,1,0,0,0,1,1,1,0,0,1,0,1,265.1
450000.0,120.0,3.0,1.0,1.0,2.0,32.0,0,1,1,0,1,0,1,1,0,1,0,1,0,0,3400.3
263200.0,56.0,3.0,1.0,1.0,1.0,4.0,1,1,1,1,0,1,1,1,1,0,1,0,1,0,2440.1
143910.0,41.0,2.0,1.0,1.0,1.0,0.0,1,1,1,1,1,1,1,1,1,0,1,1,1,0,1375.1
400000.0,150.0,5.0,12.0,1.0,4.0,17.0,1,1,1,0,0,0,1,1,1,1,0,0,0,1,9387.0
173000.0,56.0,2.0,15.0,1.0,1.0,0.0,1,1,1,0,0,0,1,1,1,0,0,1,0,0,2517.0
219000.0,51.0,2.0,12.0,2.0,4.0,0.0,1,1,1,1,1,0,1,0,0,0,0,0,0,0,7284.3
441000.0,90.0,3.0,14.0,2.0,2.0,0.0,1,1,1,0,1,0,1,1,0,0,0,0,0,1,2482.9
280000.0,75.0,3.0,23.0,2.0,2.0,5.0,1,1,1,0,0,0,1,1,1,1,0,1,0,0,2611.8
274000.0,67.0,2.0,12.0,2.0,2.0,5.0,1,1,1,0,1,1,1,1,0,1,0,1,0,0,5340.3
143000.0,48.0,1.0,21.0,2.0,2.0,0.0,0,0,0,0,0,0,0,0,0,0,0,0,0,0,9234.0
159000.0,33.0,1.0,1.0,2.0,6.0,4.0,1,1,1,0,0,0,1,1,0,0,0,1,0,0,963.0
380000.0,96.0,3.0,21.0,2.0,1.0,10.0,0,1,1,0,0,0,1,1,1,1,0,1,0,0,3571.3
250000.0,101.0,3.0,14.0,2.0,5.0,0.0,1,1,1,0,0,0,1,1,1,0,0,0,0,0,5258.7
385000.0,105.0,3.0,12.0,2.0,1.0,0.0,0,1,1,0,0,0,1,1,1,1,0,1,0,0,1973.8
219500.0,71.0,3.0,15.0,2.0,2.0,6.0,1,1,1,1,1,1,1,1,0,1,1,1,0,0,12766.1
249000.0,75.0,3.0,15.0,2.0,2.0,6.0,1,1,1,0,1,0,1,1,0,1,0,1,0,0,8400.0
231150.0,69.0,3.0,16.0,2.0,1.0,0.0,1,1,1,1,1,1,1,1,1,0,0,1,0,0,11864.1
406744.0,104.0,5.0,21.0,2.0,2.0,6.0,1,1,0,0,0,0,1,1,0,0,0,1,0,1,3713.5
120000.0,43.0,1.5,3.0,2.0,2.0,0.0,0,0,0,0,1,0,0,1,0,0,0,0,0,0,7316.8
210000.0,51.0,2.0,14.0,2.0,6.0,3.0,1,1,1,0,0,0,1,1,1,1,0,0,0,0,4641.4
317000.0,89.0,4.0,18.0,2.0,2.0,3.5,1,1,1,1,1,0,1,1,0,1,0,1,0,0,8976.7
234500.0,68.0,3.0,17.0,2.0,2.0,4.0,1,0,0,0,1,0,0,0,0,0,0,1,0,0,7284.3
399000.0,85.0,3.0,1.0,2.0,2.0,0.0,1,1,1,0,1,0,0,1,0,0,0,1,0,0,4315.0
219500.0,71.0,3.0,15.0,2.0,2.0,0.0,0,1,1,0,0,1,1,1,0,0,0,1,0,0,12766.1
480000.0,120.0,4.0,12.0,2.0,1.0,0.0,1,0,1,1,0,0,1,1,1,1,0,1,0,0,2049.3
240000.0,76.0,3.0,18.0,2.0,5.0,5.0,1,0,1,1,1,0,1,1,1,0,1,0,0,0,10563.1
159990.0,92.0,4.0,15.0,2.0,6.0,0.0,0,1,1,0,0,0,1,1,0,1,0,1,0,0,16253.7
241000.0,60.0,3.0,14.0,2.0,5.0,0.0,1,1,1,0,1,0,0,1,0,1,0,0,0,0,3172.7
149900.0,54.0,2.0,22.0,2.0,2.0,0.0,1,1,1,0,0,0,0,1,0,0,0,1,0,1,7030.6
159000.0,59.0,2.0,23.0,2.0,1.0,0.0,1,1,1,0,0,0,1,1,1,0,0,0,0,0,4824.8
273000.0,67.0,3.0,12.0,2.0,1.0,0.0,1,1,1,0,0,0,1,1,1,0,0,0,0,0,5541.3
330000.0,89.0,4.0,18.0,2.0,2.0,0.0,1,1,1,1,1,0,1,1,0,0,0,1,0,1,8976.7
110000.0,36.0,2.0,21.0,2.0,1.0,0.0,0,1,1,0,0,0,1,1,1,0,0,0,0,0,4006.2
450000.0,74.0,3.0,1.0,2.0,5.0,0.0,1,1,1,0,0,0,1,1,1,1,1,0,0,1,963.7
210000.0,76.0,2.0,1.0,2.0,2.0,0.0,1,1,1,0,0,0,1,1,1,0,0,1,0,1,5799.0
628300.0,122.0,4.0,1.0,2.0,1.0,0.0,1,1,1,0,0,0,1,1,1,0,0,0,0,1,2706.7
221000.0,88.0,3.0,15.0,2.0,2.0,0.0,1,1,1,1,0,0,0,1,0,1,0,0,0,0,9462.0
170000.0,47.0,2.0,15.0,2.0,2.0,4.0,1,1,1,0,1,0,1,1,0,1,1,1,0,0,8632.6
278500.0,72.0,4.0,15.0,2.0,1.0,0.0,1,1,1,1,0,0,1,1,1,0,0,1,0,1,309.4
289000.0,72.0,3.0,12.0,2.0,5.0,0.0,0,1,1,0,0,0,1,1,1,0,0,1,0,0,2888.0
130000.0,50.0,2.0,12.0,2.0,6.0,3.0,1,1,1,1,0,1,1,1,0,0,1,0,0,0,13134.7
258000.0,70.0,2.0,1.0,2.0,5.0,2.0,1,1,1,1,1,0,1,1,1,0,0,0,0,1,11531.0
245000.0,80.0,4.0,5.0,2.0,2.0,0.0,1,1,1,1,1,0,1,1,0,0,0,0,0,0,8515.7
233000.0,52.0,2.0,15.0,2.0,6.0,5.0,1,1,1,1,0,0,1,1,0,0,0,0,1,1,1464.5
460000.0,76.0,4.0,12.0,2.0,2.0,64.0,1,1,1,1,1,0,1,1,0,1,0,0,0,1,3791.1
165000.0,57.0,2.0,12.0,2.0,5.0,0.0,0,1,1,0,0,0,1,1,0,0,0,1,0,0,9976.3
125000.0,31.0,0.0,5.0,2.0,0.0,2.0,1,1,1,1,1,0,1,1,0,0,0,0,0,0,9733.5
480000.0,96.0,3.0,1.0,2.0,6.0,0.0,1,1,1,1,1,0,1,1,0,1,0,1,0,1,963.7
135000.0,48.0,3.0,21.0,2.0,4.0,0.0,1,1,1,0,0,0,1,1,0,1,0,0,0,1,13502.0
170000.0,52.0,2.0,12.0,2.0,6.0,0.0,1,1,1,0,0,0,1,1,0,1,0,0,0,0,11394.5
350000.0,73.94,3.0,1.0,2.0,5.0,2.5,0,1,1,0,0,0,1,1,1,1,0,1,0,0,1619.9
139900.0,56.0,2.0,16.0,2.0,6.0,5.0,1,1,1,0,0,0,1,1,0,1,0,1,0,0,40575.7
120000.0,70.0,3.0,16.0,2.0,5.0,2.0,1,1,1,0,1,0,1,1,1,0,0,0,0,0,8783.0
227500.0,65.0,3.0,14.0,2.0,5.0,0.0,1,1,1,0,0,0,1,1,1,0,0,0,0,1,12567.2
265000.0,51.0,2.0,1.0,2.0,1.0,5.0,1,1,1,1,1,0,1,1,1,0,0,1,0,0,3428.3
230000.0,70.0,3.0,1.0,2.0,2.0,6.0,1,1,1,0,1,0,1,1,0,1,0,1,0,1,8085.7
250000.0,66.0,2.0,12.0,2.0,5.0,0.0,0,1,1,0,0,0,1,1,1,1,0,1,0,0,2143.7
516000.0,132.0,4.0,1.0,2.0,1.0,0.0,0,1,1,0,0,0,1,0,0,0,0,1,0,0,16396.4
320000.0,63.0,2.0,1.0,2.0,1.0,0.0,0,1,1,0,0,0,1,1,1,1,0,1,0,0,2153.7
210000.0,52.0,2.0,1.0,2.0,1.0,5.0,1,1,1,0,0,0,1,1,1,1,0,1,0,0,659.1
260000.0,112.0,5.0,14.0,2.0,2.0,0.0,1,0,0,0,0,0,0,0,0,0,0,1,0,0,8632.6
280000.0,79.0,3.0,18.0,2.0,1.0,0.0,1,1,1,1,1,0,1,1,1,0,0,0,0,0,10072.2
200000.0,58.0,3.0,23.0,2.0,1.0,0.0,0,1,1,0,0,0,0,0,0,0,0,0,0,1,852.5
393855.0,119.0,4.0,19.0,2.0,1.0,0.0,1,1,1,1,1,1,1,0,1,0,0,1,0,0,15860.2
189900.0,53.0,2.0,23.0,2.0,2.0,3.0,1,1,1,0,0,0,1,1,0,1,0,1,0,0,3474.2
850080.0,176.0,5.0,1.0,2.0,1.0,0.0,1,1,1,1,0,1,1,1,1,0,1,1,1,0,4447.2
299000.0,82.0,3.0,1.0,2.0,1.0,6.0,1,0,0,0,0,0,0,1,0,1,0,0,0,1,3772.1
370000.0,155.0,5.0,14.0,2.0,1.0,8.0,0,0,0,0,0,0,0,1,1,1,0,1,1,0,1459.8
100000.0,53.0,2.0,12.0,2.0,5.0,0.0,1,0,0,0,0,0,0,1,1,0,0,0,0,0,3900.9
195000.0,58.0,2.0,8.0,2.0,2.0,0.0,1,1,1,0,1,0,1,1,0,0,0,1,0,0,5461.8
195000.0,57.0,3.0,19.0,2.0,0.0,6.0,1,1,1,1,1,0,0,1,0,0,0,0,0,0,9733.5
138710.0,53.35,1.5,12.0,2.0,6.0,53.35,1,1,1,1,0,1,1,1,0,0,0,0,0,0,13134.7
174000.0,72.0,3.0,23.0,2.0,2.0,4.0,1,0,1,0,1,0,0,1,0,1,0,1,0,0,8011.4
237000.0,72.0,3.0,1.0,2.0,2.0,0.0,1,0,0,0,1,0,0,1,1,1,0,0,0,1,7525.5
155000.0,49.0,2.0,15.0,2.0,5.0,4.0,0,0,0,0,0,0,1,1,1,0,0,1,0,1,11394.5
215000.0,84.0,3.0,15.0,2.0,1.0,5.0,1,0,0,0,0,1,0,1,0,1,0,0,0,0,12567.2
185000.0,61.0,3.0,23.0,2.0,2.0,4.0,1,1,1,0,0,0,1,1,0,1,0,0,0,0,9075.4
349000.0,102.0,4.0,14.0,2.0,1.0,4.0,1,1,1,0,1,1,1,1,1,0,0,0,0,1,11996.4
265000.0,81.0,4.0,1.0,2.0,6.0,6.0,1,1,1,0,0,0,1,1,0,0,0,1,0,1,10211.8
304155.0,67.0,3.0,22.0,2.0,5.0,0.0,1,0,0,1,1,0,0,0,1,0,0,0,0,0,5229.8
235000.0,101.0,3.0,12.0,2.0,5.0,0.0,1,1,1,0,0,0,1,1,1,1,0,1,0,0,715.3
120000.0,56.0,2.0,22.0,2.0,5.0,0.0,1,1,1,0,0,0,1,1,1,1,0,0,0,0,4824.8
380000.0,121.0,4.0,12.0,2.0,6.0,0.0,1,1,1,0,0,0,1,1,0,1,0,1,0,0,2049.3
259650.0,57.0,2.0,1.0,2.0,5.0,0.0,1,0,0,1,1,0,0,0,1,0,0,0,0,0,5229.8
184000.0,72.0,3.0,14.0,2.0,2.0,0.0,1,0,1,0,0,0,1,1,0,0,0,0,0,0,8632.6
255000.0,75.0,3.0,15.0,2.0,2.0,4.0,1,1,1,0,0,0,1,1,0,0,0,1,0,0,8400.0
130000.0,50.0,1.5,12.0,2.0,5.0,5.0,1,0,1,0,0,0,0,1,1,1,0,0,0,0,12812.3
229000.0,72.0,3.0,12.0,2.0,2.0,8.0,1,1,1,0,0,0,1,1,0,1,0,1,0,0,4960.4
260000.0,75.0,3.0,15.0,2.0,2.0,3.0,1,1,1,0,1,0,1,1,0,1,0,1,0,0,8400.0
176000.0,55.0,2.0,15.0,2.0,2.0,4.7,0,0,1,0,0,0,1,1,0,1,0,0,0,0,9043.1
210000.0,52.0,2.0,15.0,2.0,2.0,0.0,1,1,1,0,0,0,1,0,0,1,0,1,0,0,2951.3
254000.0,64.0,3.0,15.0,2.0,1.0,5.0,1,1,1,1,1,0,1,1,1,1,1,1,0,0,5541.3
175000.0,57.0,2.0,1.0,2.0,5.0,7.0,1,1,1,0,0,0,1,1,1,1,0,1,0,0,6518.8
120000.0,58.0,2.0,15.0,2.0,1.0,2.0,1,1,1,0,0,0,1,1,0,1,0,0,0,1,8476.0
199500.0,100.0,4.0,1.0,2.0,5.0,14.0,0,1,1,0,0,0,1,1,1,0,1,1,0,1,1459.8
365000.0,83.0,3.0,14.0,2.0,2.0,13.34,0,1,1,0,0,0,1,1,0,1,0,0,0,1,3400.3
347000.0,81.0,3.0,1.0,2.0,1.0,5.0,1,1,1,0,1,0,1,1,1,1,0,1,0,1,3751.6
145000.0,35.0,2.0,12.0,2.0,1.0,0.0,1,1,1,0,0,0,1,1,1,1,0,0,0,1,826.4
209500.0,76.0,4.0,18.0,2.0,2.0,0.0,1,0,0,0,0,0,0,0,0,0,0,0,0,0,7962.7
520000.0,79.0,3.0,14.0,2.0,2.0,7.0,1,1,1,1,1,0,1,1,0,1,1,1,1,1,2951.3
289000.0,72.0,2.0,15.0,2.0,5.0,0.0,1,1,1,0,0,0,1,1,1,1,0,0,0,1,2833.2
499000.0,84.0,4.0,17.0,2.0,2.0,0.0,1,1,0,0,1,0,1,0,0,0,0,1,0,0,1739.6
209000.0,65.0,3.0,16.0,2.0,1.0,0.0,1,1,1,0,1,0,1,1,1,0,0,0,0,0,9733.5
175000.0,38.0,2.0,15.0,2.0,5.0,0.0,1,1,1,1,0,0,1,1,1,0,0,0,0,0,2522.5
180000.0,65.0,3.0,12.0,2.0,1.0,65.0,1,0,1,0,0,0,1,1,1,1,0,1,0,0,1569.7
284998.0,67.0,2.0,16.0,2.0,5.0,0.0,1,0,0,1,0,0,1,1,1,1,0,1,1,0,4607.1
399000.0,73.0,3.0,1.0,2.0,5.0,0.0,1,1,1,0,0,0,1,0,1,0,0,0,0,0,1378.9
228000.0,51.24,3.0,19.0,2.0,0.0,0.0,1,1,1,0,1,0,0,0,0,0,0,0,0,0,7284.3
205000.0,78.0,3.0,19.0,2.0,0.0,4.0,1,0,0,0,1,0,0,1,0,0,0,0,0,0,8447.2
199900.0,89.0,3.0,15.0,2.0,1.0,6.0,1,1,1,1,1,1,1,1,0,0,0,1,0,1,4616.5
259650.0,57.7,2.0,1.0,2.0,5.0,0.0,1,0,0,1,1,0,0,0,1,0,0,0,0,0,5229.8
170000.0,53.0,2.0,15.0,2.0,5.0,2.0,0,1,1,1,0,0,1,1,1,1,0,0,0,1,11591.3
255000.0,50.0,2.0,12.0,2.0,1.0,4.0,1,1,1,1,1,0,1,1,1,0,1,0,1,0,6226.4
140183.0,38.0,2.0,1.0,2.0,4.0,0.0,1,0,1,0,1,0,1,0,0,0,0,1,0,0,12520.3
198000.0,69.0,3.0,12.0,2.0,0.0,0.0,1,1,1,1,1,0,1,1,0,0,1,0,0,0,9733.5
206000.0,49.0,2.0,12.0,2.0,2.0,5.0,1,1,1,0,0,1,1,1,0,0,0,0,0,0,4353.9
289000.0,84.0,3.0,12.0,2.0,1.0,5.0,1,1,1,1,1,1,1,1,1,0,1,0,1,0,10563.1
270000.0,84.0,3.0,12.0,2.0,1.0,5.0,1,1,1,1,1,1,1,1,1,0,1,0,1,0,10563.1
239000.0,76.0,4.0,16.0,2.0,6.0,20.0,1,1,1,0,1,1,1,1,0,0,1,1,0,0,11864.1
218000.0,71.0,3.0,15.0,2.0,2.0,0.0,1,1,1,1,0,0,1,1,0,0,1,1,1,1,12766.1
280000.0,96.0,5.0,16.0,2.0,1.0,0.0,1,1,1,1,0,0,1,1,1,0,0,0,0,1,4392.9
138319.0,45.0,2.0,1.0,2.0,4.0,0.0,1,0,1,0,1,0,1,0,0,0,0,0,0,0,12520.3
272000.0,85.0,4.0,5.0,2.0,0.0,0.0,1,1,1,1,1,0,1,1,0,0,1,0,0,0,9733.5
215000.0,70.0,2.0,1.0,2.0,5.0,10.0,1,0,0,0,1,0,1,1,1,1,0,1,0,1,12812.3
360000.0,80.0,3.0,20.0,2.0,2.0,0.0,1,1,1,1,1,0,1,1,0,1,0,1,0,1,4129.3
350000.0,111.0,4.0,16.0,2.0,2.0,0.0,1,1,1,1,0,0,0,1,0,0,1,0,0,0,4716.1
279000.0,82.0,4.0,19.0,2.0,2.0,0.0,1,1,0,1,1,0,1,1,0,0,0,1,0,0,9733.5
312945.0,82.3,4.0,12.0,2.0,4.0,0.0,1,1,1,0,0,0,0,0,0,0,0,0,0,0,9407.5
315000.0,102.0,3.0,15.0,2.0,5.0,7.0,1,1,1,0,0,0,1,1,1,1,0,0,0,0,265.1
350000.0,96.0,4.0,1.0,2.0,1.0,0.0,0,0,0,0,0,0,0,1,1,0,0,0,0,0,4202.2
680000.0,130.0,4.0,4.0,2.0,2.0,0.0,1,1,1,1,1,1,1,1,0,0,1,1,1,1,5007.8
180000.0,40.0,1.0,15.0,2.0,0.0,0.0,1,1,1,0,1,0,1,1,0,0,0,0,1,0,7284.3
235000.0,53.0,2.0,12.0,2.0,5.0,0.0,1,0,0,0,0,0,0,1,0,0,0,1,0,0,5541.3
295000.0,71.0,3.0,3.0,2.0,2.0,0.0,0,1,1,1,1,0,1,0,0,0,0,0,0,0,3474.2
119000.0,43.0,2.0,3.0,2.0,2.0,0.0,1,1,1,0,1,0,1,1,0,0,0,0,0,0,7316.8
135000.0,48.0,2.0,23.0,2.0,0.0,0.0,1,1,1,0,0,0,1,0,0,1,0,0,0,0,13502.0
185000.0,74.0,3.0,21.0,2.0,5.0,0.0,1,1,1,0,0,0,1,1,1,0,0,0,0,0,1225.5
119000.0,58.0,2.0,15.0,2.0,5.0,0.0,1,1,1,0,0,0,1,1,1,0,0,1,0,0,8476.0
91000.0,33.0,0.0,23.0,2.0,6.0,0.0,0,1,1,1,0,0,1,0,0,0,0,1,0,0,6582.3
120000.0,37.0,1.0,21.0,2.0,2.0,0.0,1,1,1,0,0,0,1,1,1,1,0,0,0,0,9317.9
97800.0,71.0,3.0,1.0,2.0,3.0,5.0,1,1,1,0,0,0,1,1,1,1,0,1,0,0,6881.6
230500.0,72.0,3.0,15.0,2.0,0.0,0.0,1,1,1,0,1,1,1,0,0,0,0,1,0,0,15825.4
175000.0,49.0,2.0,1.0,2.0,1.0,20.0,1,1,1,1,0,0,0,1,1,0,0,1,0,0,4340.9
220000.0,77.0,3.0,2.0,2.0,2.0,0.0,1,0,0,0,1,0,0,1,0,1,0,0,0,0,7361.3
265000.0,66.0,3.0,15.0,2.0,5.0,20.0,1,0,0,0,0,0,0,1,1,0,0,0,0,0,543.0
130780.0,50.3,1.5,12.0,2.0,6.0,4.0,1,1,1,1,0,1,0,1,0,0,0,0,0,0,13134.7
640000.0,109.0,5.0,15.0,2.0,2.0,0.0,1,1,1,1,1,0,1,1,1,1,1,0,1,0,2932.4
241500.0,70.0,2.0,1.0,2.0,2.0,4.5,1,1,1,0,1,0,1,1,0,1,1,0,0,0,8085.7
360000.0,120.0,4.0,15.0,2.0,6.0,0.0,1,1,1,1,0,0,1,1,1,0,0,1,0,0,2517.0
240000.0,64.0,3.0,1.0,2.0,5.0,5.0,1,1,1,1,0,0,1,1,1,1,0,1,1,1,4670.2
495000.0,114.0,4.0,21.0,2.0,2.0,9.0,1,1,1,0,0,0,1,1,0,1,0,1,0,0,1434.0
372000.0,93.0,4.0,15.0,2.0,2.0,3.0,1,1,1,0,1,0,1,1,0,0,0,1,0,0,5019.9
99700.0,170.0,3.0,1.0,2.0,6.0,8.0,0,0,0,0,0,0,0,1,0,0,0,0,0,0,3187.7
190000.0,69.0,3.0,23.0,2.0,2.0,0.0,0,0,0,0,1,0,1,1,0,1,0,1,0,0,8632.6
279000.0,78.0,4.0,1.0,2.0,1.0,0.0,1,1,1,1,0,0,1,1,1,1,0,1,0,1,867.7
170000.0,85.0,3.0,18.0,2.0,2.0,0.0,0,0,0,1,1,0,0,1,1,0,0,1,0,0,8697.5
390000.0,104.0,3.0,14.0,2.0,5.0,8.0,1,1,1,1,0,0,1,1,1,1,0,1,0,0,3499.3
200000.0,87.0,4.0,21.0,2.0,2.0,0.0,0,1,1,0,0,0,1,1,1,1,0,1,0,0,9317.9
190000.0,58.0,2.0,22.0,2.0,1.0,0.0,1,1,1,1,0,0,1,1,1,0,0,1,0,1,1378.9
137800.0,53.0,2.0,1.0,2.0,6.0,6.0,1,1,1,1,0,1,1,1,0,1,1,1,1,1,13134.7
330000.0,76.0,3.0,19.0,2.0,2.0,24.5,1,1,1,1,1,0,1,1,0,0,0,0,0,0,4315.0
160000.0,48.0,2.0,12.0,2.0,5.0,4.0,1,1,1,0,1,1,1,1,1,0,1,0,0,0,10594.8
530000.0,95.0,4.0,12.0,2.0,6.0,0.0,1,1,1,1,0,0,1,1,0,0,0,1,0,1,1140.4
